Index,Comment,Correct Label,chatgpt by rohan
1,ржмрз░ ржмрзЗржпрж╝рж╛ рж▓рж╛ржЧрзЗред ржПржУржБрж▓рзЛржХрзЗ ржЬрзАрз▒ржи ржЯрзЛ ржЕржХрж▓ ржирж┐ржЬрз░ ржмрзБрж▓рж┐ ржнрж╛рз▒рзЗред,0,0
2,ржжрзЗржЦрж╛ржд ржЬрзЗрж╣рж╛ржжрж┐ ржЬрзЗрж╣рж╛ржжрж┐ рж▓рж╛ржЧрзЗ,1,1
3,ржПржЗ ржмрж┐ржЬрзЗржкрж┐рз░ ржжрж╛рж▓рж╛рж▓ржЯрзЛржХ ржХрзЛржирзЛржмрж╛ржЗ ржЬрзЛрждрж╛рз░рзЗ ржХрзЛржмрж╛ ржР,1,1
4,"рждржерж╛ржкрж┐ржУ ржнрзЛржЯ ржмрж┐ржЬрзЗржкрж┐ржХрзЗржЗ ржжрж┐ржпрж╝рж╛ рж╣'ржм рж╕рж┐ржзрж╛ ржХржерж╛ рж▓рж╛ржЧрж┐рж▓рзЗ ржнрж┐ржХрзНрж╖рж╛рз░рж┐ рж╣'ржо рждржерж╛ржкрж┐ржУ ржнрзЛржЯ ржмрж┐ржЬрзЗржкрж┐ржХрзЗржЗ ржжрж┐ржо,,",0,0
5,ржоржж ржЦрж╛ржЗ ржирж┐ржЬрз░ ржХрзЗрз░рж┐ржпрж╝рж╛рз░ ржзрзНржмржВрж╕ ржХрз░рж┐ржЫрзЗред,0,1
6,ржмрж┐ржкрзНрж▓рз▒рз░ ржХрж╛ржЗржБржЯрзАржпрж╝рж╛ ржкрже ржЗржорж╛ржи рж╕рж╣ржЬ ржирж╣ржпрж╝ ржР ржмрж╛ржкрзБрж╣ржБрждредрж╕рж╣ржЬрж▓ржнрзНржп ржЬрзАрз▒ржи рж▓рж╛ржЧрзЗ рждрзЛржорж╛рж▓рзЛржХржХ????????,0,0
7,ржХржмрж▓рзИ ржнрж╛рж╖рж╛ржЗ ржирж╛ржерж╛ржХрзЗ ржирж┐рз░рз▒ рж╣рзИ ржЪржХрзБрж▓рзЛ ржЯрзБржХрж╛рз░ ржмрж╛рж╣рж┐рз░рзЗред ржирж╛рз░рзАрз░ рж╣рзИ ржкрзГржерж┐рз▒рзАрж▓рзИ ржЕрж╣рж╛рждрзЛ ржмрж╣рзБржд ржХрж╖рзНржЯ ред,0,1
8,"ржпрж┐ржорж╛ржирзЗ ржнржирзНржж рж╣ржм, ржпрж┐ржорж╛ржкрзЗ ржмрзЗрж▓ржЧ ржзрз░рзНржоржХ ржмрзЗрзЯрж╛ рж╕ржорж▓рзЛржЫржирж╛ ржХрз░рж┐ржм рж╕рж┐ржорж╛ржирзЗ ржЧрзМрз░ржм ржХрз░рж╛ ржнржХрзНржд ржЖржЫрзЗ ржХрж┐ ржЖржЫрз░рж┐рждред",0,1
9,"рз░рж╛рж╖рзНржЯрзНрз░рж╕ржВржШржХрзЗ ржнржВржЧ ржХрз░рж┐ ржжрж┐ржм рж▓рж╛ржЧрзЗ , ржХрж╛ржо ржирж╛ржЗржХрж┐рзЯрж╛ рз░рж╛рж╖рзНржЯрзНрз░рж╕ржВржШ ржжрзБржЦржи ржжрзЗрж╢рз░ ржорж╛ржЬржд ржпрзБржжрзНржз рж╣рзИржЗ ржерж╛ржХрж┐рж▓рзЗржУ рз░ржЦрж╛ржм ржирзЛрз▒рж╛рз░рзЗ ржпрзЗрждрж┐рзЯрж╛ |",0,1
10,"ржХрзНрж▓рж╛ , ржР ржлржХржЯрзАрзЯрж╛ ржлрж╛рж▓рзНржЯрзБ ржШрзЛржБтАМрз░рж╛ ржЪрж╣рж┐ржЪ ред ржХрж╛ржо ржирж╛ржЗ ржпржжрж┐ рж╖рзНржЯрзЗржЪржиржд ржЭрж╛рзЬрзБ ржорж╛рз░ ржЧрзИ",1,1
11,рж╣ржпрж╝ ржжрж┐ржпрж╝ржХ рж╕ржХрж▓рзЛрз▒рзЗ ржЧржо ржкрж╛ржм рж▓рж╛ржЧрж┐ржм ржпрзЗ ржПржЗржЬржирж┐рз░ ржорж╛рж╣рзЗржХрзАржпрж╝рж╛ рж╣рзИржЫрзЗ ржмрзБрж▓рж┐редредрждржерж╛ржкрж┐ ржжрзБржЯрж╛ ржжрж┐ржи ржмржирзНржз ржирж┐ржжрж┐ржпрж╝рзЗ ржорж╛ржирзЗредржзрж┐ржХрзНржХрж╛рз░ ржорж╛ржиржм ржЬрж╛рждрж┐ред,0,0
12,ржорж╛ржЗржХрзА ржЬржирзАрз░ ржЪрз░рж┐ржП ржнрж╛рж▓ ржирж╣ржпрж╝ред,1,1
13,ржЕржкржжрж╛рз░рзНрже ржЪрзЗржирзЗрж▓ рз╖ ржпрзЗржиржХрзИ ржЙржкрж╕рзНрж╣рж╛ржкржи ржХрз░рзЗ ржпрзЗржи ржорждрж╛ ржорж╛ржирзБрж╣рзЗржЗ ржнрзБрж▓ ржХрз░рзЗрз╖,1,0
14,рждрж╣рждрз░ ржХрждрж┐рждрж╣рзЗ рж╕рзБржорзБрз▒рж╛ржм рж▓рж╛ржЧрзЗ ржпрж╛рждрзЗ ржПржирзЗржмрзЛрз░ ржмрж╛рждрз░рж┐ ржЖржЧрж▓рзИ ржжрж┐ржм ржирзЛрз▒рж╛рз░ ред,1,0
15,"Imdadul Islam Akand ржЪрзЛрз▒рж╛ ржнрж╛ржЗ рждрзБржорж┐ ржЪрзБржжрж┐ржм ржирзЛрз▒рзЛрз░рж╛рз░ ржмрж╛ржмрзЗ ржШрзИржгрзАрзЯрзЗрз░рзЗ ржкрж╛рз░рзНржЯ ржЯрж╛ржЗржо ржХрж╛ржо ржХрз░рж╛рз░ ржХрж╛рз░ржгрзЗ ржорж╛ржирзБрж╣ ржмрж┐ржЫрж╛рз░рж┐ рж▓рзИржЫрзЗ
ржмрз░ ржжрзБржЦрз░ ржмрж┐рж╖рзЯ ржПржЗржЯрзЛ ржорзЛржХ ржЯрзЛ ржПржмрж╛рз░ ржХржм ржкрж╛рз░рж▓рж┐ рж╣рзЯ рждрзБржорж┐ ржирзЛрз▒рж╛рз░рж┐ржЫрж╛ ржмрзБрж▓рж┐ ",1,1
16,ржХрж┐ржпрж╝ ржжрзЗржЦрзБрз▒рж╛рж▓рзЗ ржмрж╛рз░рзБ ржПрждрж┐ржпрж╝рж╛ ржкрз░рзАржХрзНрж╖рж╛ рж╣рж▓ржд ржЖржЩрзБрж▓рж┐ ржХрзЗржЗржмрж╛ржЯрж╛ржУ ржЦрзБрж▓рж┐ ржерзИ ржпрж╛ ржмрзБрж▓рж┐ ржиржХрж▓рзЗржЗ рж╣'рж▓,0,0
17,ржпрж┐рзЯрзЗ ржХрзЛржЪржмрж┐рж╣рж╛рз░ рз░рж╛ржЬрзНржпрз░ ржмрж┐рз░рзЛржзрж┐рждрж╛ ржХрз░рзЗ рж╕рж┐ ржорзЛржЧрж▓рз░ ржмржВрж╢ржзрз░ ржЖрз░рзБ ржХрзЛржЪржмрж┐рж╣рж╛рз░ рз░рж╛ржЬрзНржп рж╣рзЛрз▒рж╛рз░ рж▓ржЧрзЗ рж▓ржЧрзЗ ржмрж╕рзНрждрзБрж╛ржд ржнрз░рж╛ржЗ ржмрзНрз░рж╣рзНржоржкрзБрждрзНрз░ ржиржжрзАржд ржкрзЗрж▓рж╛ржЗ ржжрж┐рзЯрж╛ рж╣ржмред,1,1
18,рждрж╛ржЗ ржмржирз░рзА ржХржо ржирж╣рзЯ ржЯржХрж╛рз░ рж▓рзБржнрж┐рзЯрж╛ рждрж╛ржЗржХрзЛ ржжрзЗржЦрж╛ржЗ ржжрж┐рзЯржХ рз░рж╛ржЗржЬрз░ ржЖржЧржд редржЪрж▓ржжрж┐рж▓рзЗрж╣рзЗ ржХрзБржХрзБрз░рзЗ ржЧрж▓рж▓рзИ ржЙржарзЗ,1,1
19,ржп'рждрзЗржЗ ржирж╣ржУржБтАМржХ ржХрж╛рз░рзЛржмрж╛ржХ ржПржШрз░рзАрзЯрж╛ ржХрз░рж┐ржм рж▓рж╛ржЧрзЗ ржмрзБрж▓рж┐ ржпрж┐ ржкрзНрз░ржержорзЗ ржХржерж╛рж╖рж╛рз░ ржЙрж▓рж┐рзЯрж╛ржЗ рждрж╛ржХ ржжрж┐ржиржд ржирж╣'рж▓рзЗржУ рз░рж╛рждрж┐ рж╣'рж▓рзЗржУ ржШржкрж┐рзЯрж╛ржЗ ржбрж┐ржЩрж┐ ржУрж▓ржорж╛ржЗ ржжрж┐ржм рж▓рж╛ржЧрзЗ ржпрж╛рждрзЗ ржПржЗ ржХрж╛ржоржЯрзЛ ржХрз░рж┐ржмрж▓рзИ ржоржиржд ржнрзЯ рж╕рзЛржорж╛ржЗ,1,1
20,ржЫрж╛рз░рз░ рж▓ржЧржд ржХржерж╛ ржкрждрж╛ ржЫрзЛрз▒рж╛рж▓рзА ржЬржирзАрз░рзЗ ржмрзЗржЫрж┐ржХрзЗ ржнрж╛ржж ржорж╛рж╣рз░ рз░рж╕ ржЬрж╛ржЧрж┐ржЫрзЗ ржпрзЗржи рж▓рж╛ржЧрж┐ржЫрзЗ редред,1,0
21,ржХржерж╛ ржкрждрж╛ ржЫрзЛрз▒рж╛рж▓рзА ржЬржирзА pukot khojuti ржмрж╣рзБржд ржЪрж╛ржЧрзЗ pukor ржлрзБржЯрж╛ржд vut jalakia voraila gom pabo,1,0
22,ржЖржЪрж▓рждрзЗ ржорзЗржЫрзЗржЬржЯрзЛ ржжрзЗржЦрж┐ ржПржирзЗ рж▓рж╛ржЧрж┐ржЫрзЗ ржпрзЗржи ржЫрзЛрз▒рж╛рж▓рзАржЬржирзАрз░ ржЬрзЛрз░ ржХрз░рж┐ ржорзЗржЫрзЗржЬ ржХрз░рж┐ ржЕржорзЛржХ ржЯрзЛ ржжрж┐ржпрж╝рж╛ рждржорзБржХржЯрзЛ ржжрж┐ржпрж╝рж╛ ржХрзИ ржЖржЫрзЗред,0,0
23,"рж╕рзЗржЗржХрж╛рз░ржгрзЗ ржоржЗржирж╛рж╣ржБржд,,,, ржПржЗ ржкрзЗрз░рзЗржо ржирзЗ ржЪрзЗрз░рзЗржо,,, ржмрж╛ржж ржжрж┐ржпрж╝рж╛, ржирж┐ржЬржХрзЗ ржкрзНрз░рждрж┐рж╖рзНржарж┐ржд ржХрз░рж┐ржм ржкрз░рж╛ржХрзИ ржХрж┐ржмрж╛ ржПржЯрж╛ ржХрз░рж╛,,,,ржмрж╛ржЗржХрз░ ржкржХрз░ржд ржЙржарж┐ржмрж▓рзИ ржЪрж┐ржирзНрждрж╛ ржиржХрз░рж┐ржмрж╛, ржирж┐ржЬрз░ ржЙржкрж╛рз░рзНржЬржирз░ ржЯржХрж╛рз░рзЗ ржХрж╛ржо ржХрз░рж╛рз░ ржХржерж╛ ржнрж╛ржмрж╛,",0,0
24,ржирж┐ржЬрз░ ржЧрзБржкрзНрждрж╛ржВржЧржЯрзЛржХрзЗ ржХрж╛ржЯрж┐ ржПржЯрж╛ ржнрж╛рж▓ ржирж┐ржЙржЬтАМ ржиржХрз░рзЗржирзЛ ржХрж┐ржпрж╝ред,1,0
25,"ржПрждрж┐ржпрж╝рж╛ ржХрзЛржирзЛржмрж╛ ржПржЦржи ржорж┐ржЙржЬрж┐ржпрж╝рж╛ржоржд рз░ржЦрж╛рз░ ржмрзНржпрз▒рж╕рзНржерж╛ ржХрз░ржХ ржЕрж╕ржо ржЪрз░ржХрж╛рз░рзЗ, ржорж╛рж▓ржЯрзЛ ржнрж╛рж▓ ржЬрж╛рждрз░ ржЖржЫрж┐рж▓рзЗ ржирзЗ ржмрзЗрзЯрж╛ ржЬрж╛рждрз░ ржЖржЫрж┐рж▓рзЗ ржкрз░рзАржХрзНрж╖рж╛ ржХрз░рж┐ржмрз░ ржмрж╛ржмрзЗ",0,0
26,ржЪрж╛рж▓рзНрж▓рж╛ ржХрж┐ ржорж╛ржирзБрж╣,0,0
27,ржирж╛ржЯржХ ржХрз░рж┐ржмрж▓рзИ рж╕рзНржерж╛ржи ржирж╛ржЗржкрзЛрз▒рж╛ ржЪрж╛ржЧрзЗ.........ржорзБржарждрзЗ ржЪрз░ржХрж╛рз░ржХ рж╕ржорж╛рж▓рзЛржЪржирж╛ ржХрз░рж┐ржм рж▓рж╛ржЧрзЗ ржХрж┐ржирзНрждрзБ ржЪрз░ржХрж╛рз░ ржЪрж╛ржХрз░рж┐ржУ рж▓рж╛ржЧрзЗредржПржирзЗржХрзЛрз▒рж╛ ржХрж╛рз░рзНржпрзНржп рж╕ржорз░рзНржержи ржХрз░рж╛ ржХрзЗржЗрждрж╛ рждрж╛рждржХрзИ ржорж╣рж╛ ржорзВрз░рзНржЦ рж╣рзЯред,0,1
28,ржПржЗржЬржи ржорж┐ржЮрж╛рж╣рзЗ рж╣'ржм,1,0
29,"рж╕рзБржирзНржжрз░рз░ ржкрзВржЬрж╛рз░рзА | ржЬрзНржмрж▓рж╛ржмрзЛрз░ ржЬрзНржмрж▓рж┐ржмржЗ ржХрж╛рз░ржи ржЖржирзЗ ржнрж╛рж▓ ржХрж┐ржмрж╛ ржПржЯрж╛ ржХрз░рж┐рж▓рзЗ ржЬрзНржмрж▓рж╛ржЯрзЛ ржмржВрж╢ржЧржд ржмрзИрж╢рж┐рж╖рзНржЯ рж╕рж┐рж╣ржБрждрз░, ржЪрж┐ржирзНрждрж╛ ржиржХрз░рж┐ржмрж╛",1,0
30,ржорж╛ржХржХ ржЪрзБржжрж╛ржЯрзЛрз░ ржкржХрз░ржд ржнрж▓рзЛржХрж╛ ржмрж╛рж╣ ржнрз░рж╛ржЗ ржжрж┐ржм рж▓рж╛ржЧрзЗред,1,1
31,рж╕рждрзНржп рз░ржиржЬржи ржмрз░рж╛ ржПрждрж┐ржпрж╝рж╛ ржХржм ржПржЗржмрзЛрз░ ржорж┐ржЮрж╛ ржорзБржЫрж▓рж┐ржо ржорж╛ржирзБрж╣рзЗ ржХрз░рж┐ржЫрзЗ! рж╢рж┐рз▒рз░ ржнржХрзНржд ржмрзЛрз░ржХ ржмржжржирж╛ржо ржХрз░рж┐ржмрж▓рзИред,1,1
32,ржорзЛрз░ ржмрж╛рз░рзАржд ржЖрж╣рж┐ржмрж┐ ржЬрж╛рз▒рз░ ржЪрж╛ржлрж╛ ржХрз░рж┐ржмрж▓рзИ ржЖрз░рзБ ржЖржорж╛рз░ ржмрж╛рз░рж╛ржгрзНржбрж╛ржд ржкрж╛ржирзА ржЕрж▓ржк ржЖржЫрзЗ ржбрзБржм ржЧрзИ ржорж▓рж┐ржмрж┐ ржЖрж╣ рждрзЗрж▓рж╛,0,1
33,рж╕рж╛ржзрж╛рз░ржг ржорж╛ржирзБрж╣ ржПржЧрз░рж╛ржХрзАрзЯрзЗ ржЗрзЯрж╛рждржХрзИ ржбрж╛ржЩрз░ рж╕рж╣рж╛рзЯ ржХрз░рж┐рж▓рзЗржУ рж╕ржВржмрж╛ржж ржорж╛ржзрзНржпржорзЗ ржврзБржХрж┐ ржирж╛ржкрж╛рзЯред ржХрж┐ржирзНрждрзБ рждрж╛ржд ржЖржЧрждрзЗ ржХрзЗржорзЗрз░рж╛ рз░рзЗржбрж┐ рждрж╛рз░ ржкрж╛ржЫржд ржЕржкрж╛рз░рзЗрж╢рзНржмржи рж╕рж╣рж╛рзЯ ржЖрз░ржорзНржнред,0,0
34,ржкрзНрз░рзЗржорз░ ржЬрзБржЗ ржирзЗ ржЪрж┐рждрж╛рз░ ржЬрзБржЗ ржзрз░рж┐ржм ржирзЛрз▒рж╛рз░рж┐ ржирзАрз░рз▒рзЗ ржПрз░рж┐рж▓рзЗ ржЪрзБржЪрзБ,1,1
35,рж╕ржЪрж╛ржХрзИ ржнржЧрз▒рж╛ржирз░ ржЖржи ржПржЯрж╛ рз░рзВржкред ржЪрж┐ржХрж┐рзОрж╕ржХ рж╕ржХрж▓ ржирж╛ржерж╛ржХрж┐рж▓рзЗ ржХрж┐ржорж╛ржи ржорж╛ржирзБрж╣рз░ ржпрзЗ ржорзГрждрзНржпрзБ рж╣'рж▓ рж╣рзЗржБрждрзЗржи ржнрж╛рз▒рж┐рж▓рзЗржЗ ржнржпрж╝ рж▓рж╛ржЧрзЗред,0,1
36,"ржЕрж╕ржо ржЖрз░рзБ ржЕрж╕ржорзАржпрж╝рж╛рз░ ржХрж▓ржВржХ рждрзБржорж┐, ржХрж╛ - ржЖржирзНржжрзЛрж▓ржиржд ржпрзЗрждрж┐рзЯрж╛ рждрзБржорж┐ ржкрж╛ржБржЪ ржЬржи рж╢рзНржмрж╣рзАржжрз░ ржХрзЗржБржЪрж╛ рждрзЗржЬрзЗрз░рзЗ ржлрж╛ржХрзБ ржЦрзЗрж▓рж┐ржЫрж┐рж▓рж╛ рждрзЗрждрж┐рзЯрж╛ рждрзЛржорж╛рз░ рж╣рзГржжрзЯ ржЕржХржирзЛ ржиржХржкрж┐ржЫрж┐рж▓ред",0,1
37,ржЕрж╕ржорзАржпрж╝рж╛ржд ржкржврж╝рж┐ ржбрж╛ржХрзНрждрз░ ржЗржЮрзНржЬрж┐ржирзАржпрж╝рж╛рз░ рж╣'ржм ржирзЛрз▒рж╛рз░рж┐ ржмрзБрж▓рж┐ рж▓рзЛрз▒рж╛ ржзрж╛рз░ржгрж╛ржЯрзЛ ржПржЯрж╛ ржнрзНрз░рж╛ржирзНржд ржзрж╛рз░ржгрж╛ ржмрзБрж▓рж┐ ржнрж╛ржмрзЛред,0,1
38,рж╕рз░рзНржмрзНржмржЬрзНржЮржЬржирж▓рзИ ржкрзНрз░ржгрж╛ржоредржПрждрж┐рзЯрж╛ ржЕрж╕ржо ржд ржПржЬржирзЗржЗ ржмрзНржпржХрзНрждрж┐ ржПржЬржирз░рзЗ рз░рзЗржХрз░рзНржбржкрзНрж▓рзЗрзЯрж╛рз░редржЧржгрждржирзНрждрзНрз░рз░ ржирж╛ржоржд ржнрзЛржЯ рж▓рзИ ржЬржиржЧржгржХ ржнрзОрж╕ржирж╛ред ржПрждрж┐рзЯрж╛ ржорзВржЦрзНржпржоржирзНрждрзНрз░рзА ржмрзЗржжредрждрзЗржЦрзЗрждрз░ ржмрж╛ржгрзАрзЯрзЗржЗ ржжрзИржмрзНржпржмрж╛ржгрзАред рж╢рзЗрж╖ржд ржлрж▓ ржнрзВржЧрзАржм ржЬржирждрж╛ржЗред,0,0
39,ржЕрж╕рзБрз░ рж╕ржжрзГрж╢ ржорж╛ржирзБрж╣рзЗ ржмрж┐рж╖ ржЦрж╛ржм рж▓рж╛ржЧрж┐ржм ржЖрз░рзБ рж╕рждрждрж╛рз░рзЗ ржержХрж╛ рж╕ржХрж▓рзЗ ржЕржорзГржд ржЦрж╛ржмред ржЗржпрж╝рж╛рз░ ржУрж▓рзЛржЯрж╛ рж╣'рж▓рзЗржЗ ржХрж┐ржирзНрждрзБ ржЪрж╛ржкрз░рж┐рж▓рзЗ ржорзЗржШ ржЖржБрждрз░рж┐ ржирж╛ржпрж╛ржмред,0,1
40,ржнрж╛рз░рждржд ржПржЗржЯрзЛ ржирж╣ржмрж▓рзИ ржорж╛ржжрзНрз░рж╛ржЫрж╛ржмрзЛрз░ ржнрж╛ржЩрж┐ ржжрж┐рзЯрж╛ржЯрзЛ ржЦрзБржмрзЗржЗ ржкрзНрз░рзЯрзЛржЬржи !,1,0
41,ржЕржирзНржз ржнржХрзНржд рж╕ржХрж▓рзЗ ржмрж╛ ржХрж┐ ржХржм?ржпрж┐ ржЬржи ржорж╛ржирзБрж╣ ржорз░рж┐рж▓рзЗ рж╕рзЗржЗ ржЬржи ржорж╛ржирзБрж╣ ржХрзЛржи ржзрз░рзНржорз░? ржХржерж╛ржЗ ржХржерж╛ржЗ ржпрзЗ ржорж┐ржпрж╝рж╛рз░ рз░рзЗржлрж╛рз░рзЗржирзНрж╕ ржЖржирж╛ ржПрждрж┐ржпрж╝рж╛ ржПржЗ ржорзГржд ржмрзНржпржХрзНрждрж┐рз░ ржкрз░рж┐ржпрж╝рж╛рж▓ржЯрзЛржХ рждрж╣ржБрждрз░ ржЪрз░ржХрж╛рз░рзЗ ржХрж┐ржмрж╛ ржжрж┐ржмржирзЗ?,1,1
42,рж╕ржХрж▓рзЛ ржЪрз░ржХрж╛рз░рзА ржмрж┐ржжрзНржпрж╛рж▓ржпрж╝ ржЗржВрз░рж╛ржЬрзА ржорж╛ржзрзНржпржо рж╣рзЛрз▒рж╛ржЯрзЛ ржЕрждрж┐ ржкрзНрз░рзЯрзЛржЬржиредрждрзЗрждрж┐ржпрж╝рж╛ржЗ рж╕ржХрж▓рзЛ ржкрз░рзНржпрзНржпрж╛ржпрж╝рз░ рж▓рз░рж╛ ржЫрзЛрз▒рж╛рж▓рзАржпрзЗ ржирж╛ржо ржнрз░рзНрждрзНрждрж┐ ржХрз░рж┐ржмредрж▓ржЧрзЗ рж▓ржЧрзЗ рж╢рж┐ржХрзНрж╖ржХ рж╕ржХрж▓рз░ ржкржврж╝рж╛ржЗ ржнрж╛рж▓ рж▓рж╛ржЧрж┐ржмредржЖрз░рзБ ржлрж▓рж╛ржлрж▓......?,0,0
43,"рждрж╛рз░ ржмрж╛ржмрзЗ рждрзЗржУржБрж▓рзЛржХрз░ ржнрж╛рж╖рж╛ ,рж╕рж╛ржЬ ржкрзЛржЫрж╛ржХ ржирж╛ржЗржХрж┐рзЯрж╛ рж╣рзИ ржпрзЛрз▒рж╛ ржирж╛ржЗ рз╖ржкрзНрз░рзЯрзЛржЬржи рж╣рж▓рзЗ ржПрж╕рж╛ржБржЬ ржирж╛ржЦрж╛ржм рж▓рз░рж╛ ржЫрзЛржмрж╛рж▓рзАржХ ржЗржВрз░рж╛ржЬрзА рж╢рж┐ржХрзНрж╖рж╛ ржжрж┐ржм рз╖ржЫрж╛рждрзНрз░ рж╕ржирзНржерж╛рз░ ржорждрзЗ ржЕрж╕ржо ржиржЪрж▓рзЗ рз╖",1,0
44,"ржмрзИржЬрзНржЮрж╛ржирж┐ржХ, ржЕржмрзИржЬрзНржЮрж╛ржирж┐ржХ ржмрж╛ржж ржжрж┐ржпрж╝ржХ ржПржпрж╝рж╛ рж╕ржоржпрж╝рз░ ржЖрж╣рзНржмрж╛ржиред ржмрз░рзНрж╣рж┐ ржмрж┐рж╢рзНржмрз░ ржХржерж╛ ржиржХрж▓рзЛрз▒рзЗржЗ ржпрзЗржирж┐ржмрж╛ред",0,0
45,"ржЖржкрзЛржирж╛рж▓рзЛржХрзЗ ржмрж╣рж┐ржГрз░рж╛ржЗржЬржд ржЧрзИ ржХрж┐ ржнрж╛рж╖рж╛ ржорж╛рждрж┐ржмрж▓ржЧрзАржпрж╝рж╛ рж╣ржпрж╝ ржмрж╛рз░рзБ!ржирз▒ -ржкрзНрз░ржЬржирзНржоржХ ржмрж┐рж╢рзНржм ржШрзВрз░рж┐рз▒ ржкрз░рж╛рз░ рж╢рж┐ржХрзНрж╖рж╛ ржмрзНржпрз▒рж╕рзНржерж╛рз░ ржЪрж┐ржирзНрждрж╛ ржХрз░ржХ,ржЕржХрж▓ ржирж┐ржЬрз░ ржирж┐ржЬрз░ ржЪрж┐ржирзНрждрж╛ ржХрз░рж┐рж▓рзЗржЗ ржирж╣'ржм,ржЖржЧрзЛрж▓ -рждрзБржЧрзЛрж▓ ржмрзБржХрж┐ рж▓рж╛ржн ржирж╛ржЗред",0,1
46,ржЗржВрз░рж╛ржЬрзА рзЯрзЗ ржЕрж╕ржорзАрзЯрж╛ ржнрж╛рж╖рж╛рз░ ржПржХрзЛ ржЕржирж┐рж╖рзНржЯ ржХрз░рж╛ ржирж╛ржЗ ржиржХрз░рзЗ ржпрж┐ржорж╛ржи ржЗржВрз░рж╛ржЬрзА ржЬрж╛ржирж┐рж▓рзЗржУ ржЗржВрз░рж╛ржЬрзА ржЗржВрз░рж╛ржЬрзАрзЯрзЗ рж╣рзИ ржерж╛ржХрж┐ржм ржЖрз░рзБ ржЕрж╕ржорзАрзЯрж╛ ржЕрж╕ржорзАрзЯрж╛ржЗ рж╣рзИ ржерж╛ржХрж┐ржмред,0,0
47,ржкрж╛ржЧрж▓рз░ ржкрзНрз░рж▓рж╛ржкредржПржЗ ржмрж┐рж╖рзЯржд ржПржЬржи рж╢рж┐ржХрзНрж╖ржХ ржмрж╛ рж╢рж┐ржХрзНрж╖рзЯрждрзНрз░рж┐рз░ ржорждрж╛ржорждрж╣рзЗ ржЧрзНрз░рж╣ржгржпрзЛржЧрзНржп ржПржирзЗржХрзБрз▒рж╛ ржорзБржзрж╛ржлрзБрждрж╛ ржЫрж╛рждрзНрз░рз░ ржорждрж╛ржоржд ржЧрзНрз░рж╣ржгржпрзЛржЧрзНржп ржирж╣рзЯредрж╕рж┐ ржпрж┐рзЯрзЗржЗ ржирж╣ржУржБржХред,0,1
48,ржЕрж╕ржоржд ржХрж┐ржорж╛ржи ржЬржирзЗ ржЪрж╛ржХрз░рж┐ ржкрж╛ржЗржЫрзЗредредржпрж┐ ржХрзЗржЗржЯрж╛ржорж╛ржи ржУрж▓рж╛ржЗ ржЪрж╛ржорзБржЪ ржХрзЗржЗржЦржиржорж╛ржи рз░ ржХрж╛рз░ржгрзЗ ржЖржирзЗ рж╕рзБржмрж┐ржзрж╛ ржирж╛ржкрж╛рзЯред,0,1
49,"ржЖржорж┐ ржпрзЗрждрж┐ржпрж╝рж╛ ржЕрж╕ржорзАржпрж╝рж╛ ржорж╛ржзрзНржпржоржд рж╢рж┐ржХрзНрж╖рж╛ рж▓рзИржЫрж┐рж▓рзЛржБ рждрзЗрждрж┐ржпрж╝рж╛ ржорж╣рж╛ржмрж┐ржжрзНржпрж╛рж▓ржпрж╝ржд ржЧрзИ ржжрзЗржЦрж┐ржЫрзЛржБ ржпрзЗ ржЕрж╕ржорзАржпрж╝рж╛ ржорж╛ржзрзНржпржоржд ржорзЗржЬрз░ ржмрж┐рж╖ржпрж╝ рж╕ржорзВрж╣рз░ ржХрж┐рждрж╛ржк ржкрзЛрз▒рж╛ ржирж╛ржпрж╛ржпрж╝ рждрзЗрждрж┐ржпрж╝рж╛ ржП ржЙржкрж▓ржмрзНржзрж┐ ржХрз░рж┐ржЫрж┐рж▓рзЛржБ ржпрзЗ ржХрж┐ржпрж╝ ржЕрж╕ржорзАржпрж╝рж╛ ржорж╛ржзрзНржпржоржд рж╢рж┐ржХрзНрж╖рж╛ рж▓рзИржЫрж┐рж▓рзЛржБ, ржЧрждрж┐ржХрзЗ рж╕рзЗржЗ ржПржХрзЗ ржнрзБрж▓ ржорзЛрз░ рж╕ржирзНрждрж╛ржирз░ ржХрзНрж╖рзЗрждрзНрз░ржд ржХрз░рж┐ржм ржирж┐ржмрж┐ржЪрж╛рз░рзЛржБ , ржЧрждрж┐ржХрзЗ ржЖржкрзЛржирж╛рж▓рзЛржХ ржЯрзЛ ржнрзБржХрзНржд ржнрзБржЧрж┐ ржирж╣ржЗ рж╕рзЗржЗ ржмрж╛ржмрзЗ ржЖржкрзЛржирж╛рж▓рзЛржХрз░ ржПржЗ ржмрж┐рж╖ржпрж╝ржд ржорж╛ржд ржорж╛рждрж╛рз░ ржУ ржХрзЛржирзЛ ржЕржзрж┐ржХрж╛рз░ ржирж╛ржЗ ред",0,0
50,"ржорж╛ржзрзНржпржо' ржмрж┐рж╖ржпрж╝ржЯрзЛ ржЪрж╛ржЧрзИ ржЖржорж╛рз░ ржЕрж╕ржорждрзЗржЗ ржмрзЗржЫрж┐ржХрзИ рж╣рзИ ржЪрзИ ржХрз░рзЗ, ржЖржи рз░рж╛ржЬрзНржпрз░ ржмрж┐рж╖ржпрж╝рзЗ ржЕржнрж┐ржЬрзНржЮрждрж╛ ржирж╛ржЗ ржЕрз▒рж╢рзНржпрзЗ ред ",0,0
51,ржЧрждрж┐ржХрзЗ ржЕрж╕ржорзАржпрж╝рж╛ + ржЗржВрз░рж╛ржЬрзА + рж╣рж┐ржирзНржжрзА = ржПржЯрж╛ ржорж┐рж╢рзНрз░рж┐ржд ржорж╛ржзрзНржпржо рж╕рзГрж╖рзНржЯрж┐ ржХрз░рж┐рж▓рзЗ ржХрзЗржирзЗ рж╣ржпрж╝ ржмрж╛рз░рзБ ржХрж╛рз░ржг ржПржирзЗржпрж╝рзЗ ржЖржорж╛рз░ ржирж╛ржо-ржлрж▓ржХржмрзЛрз░рз░ рзпрзп%ржЗ ржЗржВрз░рж╛ржЬрзАржд ржерж╛ржХрзЗржЗ рждржжрзБржкрз░рж┐ ржЖржорж╛рз░ ржжрзЗрж╢рз░ ржорзБржжрзНрз░рж╛ржмрзЛрз░ ржЗржВрз░рж╛ржЬрзАрждрзЗржЗ ржЖржЫрзЗржЪрзЛржи ред ,0,0
52,рж▓рж┐ржЦрж┐ржм рж▓ржЧрж╛ ржХрж┐рждрзЛ ржЖржЫрзЗ ржПржЗржмрж┐рж▓рж╛ржХ рждрзИрж▓рзНржпржорз░рзНржжржирз░ ржирзЗрждрж╛ ржЬржиржЧржгрз░ рж╣рзГржжрзЯрз░ ржирзЗрждрж╛ рж╣рзИ ржерж╛ржХрж┐ржм ржирзЛржмрж╛рз░рзЗред,0,0
53,рж╢рж┐ржЦрж╛ рж╢рз░рзНржорж╛ржХ ржорж┐ржЮрж╛рз░ ржнрзЛржЯрз░ ржжрз░ржХрж╛рз░ ржЧрждрж┐ржХрзЗ ржбрзНрз░рж╛ржорж╛ржЯрзЛ ржХрз░рж┐ржм рж▓ржЧрзАржпрж╝рж╛ рж╣рж▓ред,0,0
54,ржпржжрж┐ ржЪрж┐ржХрж╛ ржмрж╛ржЗ ржХрзЛрз▒рж╛ ржХржерж╛рж╖рж╛рз░ рж╕рждрзНржп рж╣рзЯ рждрзЗрждрж┐рзЯрж╛рж╣рж▓рзЗ ржЕрж╕ржорз░ рз░рж╛ржЬржирзАрждрж┐ржд ржПржХ ржЕржжрзНржнрзБржж ржкрз░рж┐ржмрж░рзНрждржирз░ ржжрж┐рж╢рзЗ ржЖржЧржмрж╛рзЭрз░рж┐ржЫрзЗ ржХрж╛рз░ржг ржПржЯрж╛ рж╕ржорзЯржд ржмрж┐рж╢рзЗрж╖ржХрзИ ржХржВржЧрзНрз░рзЗржЫ ржжрж▓ржЯрзЛрз▒рзЗ ржПржЯрж╛ ржирж┐рж░рзНржжрж┐рж╖рзНржЯ ржзрж░рзНржорз░ ржорж╛ржирзБрж╣ржХ ржнрзЛржЯ ржмрзЗржВржХрз░ рж╕рзНржмрж╛рж░рзНржержд рждрзБрж╖рзНржЯрж┐ржХрз░ржг ржХрз░рж┐ ржкрзНрз░рждрж┐ржЯрзЛ ржирж┐рж░рзНржмрж╛ржЪржиржд рз░ржгржжржВржХрж╛ ржмржЬрж╛ржЗржЫрж┐рж▓..,0,0
55,ржПрждрж┐рзЯрж╛ ржХрзЗржЗржЯрж╛ ржорж╛ржи рз░рж╛ржЬржирзИрждрж┐ржХ ржжрж▓рзЗ ржнрзЛржЯрз░ рж╕рзНржмрж╛рж░рзНржержд рж╣рж┐ржирзНржжрзБ ржзрж░рзНржорж╛рз▒рж▓рзА рж▓рзЛржХ рж╕ржХрж▓ржХ рж╕ржирзНрждрж╕рзНржд ржХрз░рж┐ржмрз░ ржХрж╛рз░ржгрзЗ ржЖрж╢рз░рж╛ ржЖрз░ржорзНржн ржХрз░рж╛ ржпрзЗржи рж▓рж╛ржЧрж┐ржЫрзЗ ржХрж┐ржирзНрждрзБ ржХрж╛ржо ржирж╣ржм ржмрж╣рзБржд ржкрж▓ржо рж╣рзИ ржЧ'рж▓ рз╖,0,0
56,ржзрз░рзНржо ржнржЧржмрж╛ржирз░ ржоржирзНржжрж┐рз░ржд ржХрж┐рж╣рз░ ржЯрж┐ржХрзЗржд рж▓рж╛ржЧрзЗ ржзрз░рзНржорж╕рзНрждрж╛ржг ржирзЗ ржмрзНржпрз▒рж╕рж╛ржЗ ред ,0,0
57,"ржПржЯрж╛ ржХржерж╛ ржХржУ ржмрзЗржпрж╝рж╛ ржнрж╛ржмрзЗ ржирж▓ржм,,, ржоржирзНржжрж┐рз░ рж╣ржУржХ ржмрж╛ ржжрз░рзНржЧрж╛рж╣ рж╣ржХ ржмрзНржпрз▒рж╕рж╛ржпрж╝ ржХрз░рж╛ ржжрзЗржЦрж┐рж▓рзЗ рждрж╛рз░ ржкрзНрз░рждрж┐ ржорж╛ржд ржорж╛рждрж┐ржм рж▓рж╛ржЧрзЗ,,, ржирж╣рж▓рзЗ ржзрз░рзНржо ржмрж┐рж▓рж╛ржХ ржЕржкржорж╛ржи рж╣ржпрж╝,,, ржорзБржЫрж▓ржорж╛ржи , рж╣рж┐ржирзНржжрзБ ржмрзБрж▓рж┐ ржХржерж╛ ржирж╛ржЗ,,, ржзрз░рзНржо ржХ рж╕ржирзНржорж╛ржи ржжрж┐рж▓рзЗ ржЖржорж┐ ржмрзЛрз░рзЗржУ рж╕ржирзНржорж╛ржи ржкрж╛ржоред ",0,0
58,ржПржЗ ржорж╣рж╛ржи ржирж╛рз░рзА ржЧрз░рж╛ржХрзАрз░ ржорзВржЦржЦржи ржХрж┐ржпрж╝ ржмрзНрж▓ржХ ржХрз░рж┐ ржжрж┐ржпрж╝рж╛ рж╣рзИржЫрзЗ? ржирж┐рж╢рзНржЪрж┐ржпрж╝ ржХрж┐ржмрж╛ ржЕржВржХ ржХрз░рж┐рж▓рзЗ!,0,0
59,рж╢рж┐ржХрзНрж╖ржХ ржжрж┐рз▒рж╕рз░ рждрж╛рзОржкрз░рзНржп ржЫрж╛рждрзНрз░ ржЫрж╛рждрзНрз░рзАрз░ ржорж╛ржЬржд ржмрж┐рж╢рзНрж▓рзЗрж╖ржг ржХрз░рж╛рз░ ржкрзНрз░рзЯрзЛржЬржи ред ,0,0
60,ржХрзЗржорзЗрз░рж╛рз░ рж╕ржирзНржорзБржЦржд ╩╝ржжрзБрз░рзНржирзАрждрж┐ ржорзБржХрзНржд╩╝ ржЕрж╕ржо ржЧржврж╝рж╛рз░ ржбрж╛ржпрж╝╩╝рж▓ржЧ ржорз░рж╛ рз░рж╛ржЬржирзИрждрж┐ржХ рж╣рж┐рз░рзЛ ржЖржорж┐ ржмрж╣рзБржд ржжрзЗржЦрж┐рж▓рзЛ ред ,0,0
61,ржмрж┐ ржЬрзЗ ржкрж┐рз░ ржмрж┐ ржЯрж┐ржо рж╣рзЯ редред ржорзБржЫрж▓ржорж╛ржирз░ ржХрзЛржирзЛ рж╕ржорж╕рзНржпрж╛ рж╕ржорж╛ржзрж╛ржи ржиржХрз░рзЗ ред,0,1
62,ржЗ ржмрзЗржЯрж╛ ржорж╣рж╛ рж╣рж╛рз░рж╛ржорж┐ред ржоржЗ рждрж┐ржирж┐ ржорж╛рж╣ ржПржХрзЗрж▓ржЧрзЗ ржПржи ржЖрз░ ржЪрж┐ ржбрж┐ржЙржЯрж┐ ржХрз░рж┐ржЫрж┐рж▓рзЛржБред ржорзЛрз░ рж▓ржЧржд ржнрж╛рж▓ ржЪрж┐ржирж╛ржХрж┐ рждржерж╛ ржорж╛рждржмрзЛрж▓ ржержХрж╛ рж╕рзНржмрждрзНржмрзЗржУ ржорзЛрз░ ржХрж╛ржо ржПржЯрж╛рз░ ржмрж╛ржмрзЗ ржЦрз░ржЪ ржмрж┐ржЪрж╛рз░рж┐ржЫрж┐рж▓ред,0,0
63,рж╕ржХрж▓рзЛрждрзЗ ржПржХрзЗржЗрз╖ ржЖрз░ржХрзНрж╖рзАрз░ ржмрж┐рж╖рзЯрзЗ ржпрж┐ржорж╛ржирзЗржЗ ржорзМржмрз░рж╖рж╛ ржХржерж╛ ржиржХржУржХ ржХрж┐рзЯ рж╕ржХрж▓рзЛ ржЖрз░ржХрзНрж╖рзА ржПржирзЗржХрзБрз▒рж╛ржЗрз╖ ржмрж╛рж╣рж┐рз░рж╛ ржЯржХрж╛ ржирж╛ржкрж╛рж▓рзЗ ржЖрз░ржХрзНрж╖рзА ржкрж╛ржЧрж▓ рж╣рзИ ржерж╛ржХрзЗрз╖рз╖,0,0
64,ржПржЗ ржмрзЛрз░ ржХржерж╛ рж▓'рз░рж╛ ржЫрзЛрз▒рж╛рж▓рзА ржмрзЛрз░рзЗ ржнрз▒рж╛ ржЙржЪрж┐рждред ржкрзНрз░рзЗржорз░ ржЬржпрж╝ рж╣'ржм рж▓рж╛ржЧрзЗ ржкрз░рж╛ржЬржпрж╝ ржирж╣ржпрж╝,0,0
65,ржорж╛ржирзБрж╣рзЗ ржХрзЗрз▒рж▓ ржХрзЗрз▒рж▓ ржорж╛рждрзНрз░ ржПржЯрж╛ рж▓'рз░рж╛ ржмрж╛ ржПржЬржирзА ржЫрзЛрз▒рж╛рж▓рзАрз░ ржкрзНрз░рзЗржорз░ ржХрж╛рз░ржгрзЗ ржЬржирзНржо ржЧрзНрз░рж╣ржг ржХрз░рзЗ ржирзЗржХрж┐,0,0
66,"ржорж╛ржирзБрж╣рзЗ ржпрзЗрждрж┐ржпрж╝рж╛ ржирж┐ржЬрз░ ржЬрзАрз▒ржи ржЯрзЛ ржирж┐ржЬрз░ ржХрж╛рз░ржгрзЗ, рж╕ржорж╛ржЬрз░ ржХрж╛рз░ржгрзЗ, ржжрзЗрж╢рз░ ржХрж╛рз░ржгрзЗ, ржкрзГржерж┐рз▒рзАрз░ ржХрж╛рз░ржгрзЗ ржХрж┐ржорж╛ржи ржорзВрж▓рзНржпржмрж╛ржи ржмрзБржЬрж┐ ржирж╛ржкрж╛ржпрж╝ рждрзЗрждрж┐ржпрж╝рж╛ ржПржирзЗржХрзБрз▒рж╛ рж╣ржпрж╝",0,0
67, ржмрж╛ржХрзА ржЪржм ржпрж╣ржирзНржирж╛ржорзЗ ржпрж╛,1,0
68,ржЕржХрж▓ ржорждрж╛рз░ ржкрзНрз░рзЗржо,0,0
69,рж╣рзЗрз░╩╝ ржкрж┐рждрзГ ржорж╛рждрзГрз░ ржкрзНрз░рждрж┐ ржХржХрж╛ржЗ ржнрж╛ржЗрз░ ржкрзНрз░рждрж┐ ржерж╛ржХрж┐ржм рж▓ржЧрзАржпрж╝рж╛ ржкрзНрз░рзЗржорз░ ржХрзЛржирзЛ ржорзВрж▓рзНржп ржирж╛ржЗ ржирзЗржХрж┐,0,0
70,ржирж┐рз░рж╛ржкрждрзНрждрж╛ ржкрз░рж┐рж╖ржжрзЛ ржнржВржЧ ржХрз░рж┐ржм рж▓рж╛ржЧрзЗ ржХрзЛржирзЛ ржжрзЗрж╢ржХрзЗ ржирж┐рз░рж╛ржкрждрзНрждрж╛ ржжрж┐ржм ржирзЛрз▒рж╛рз░рзЗ ржпрзЗрждрж┐рзЯрж╛,0,0
71,ржХрж┐ржмрж╛ ржХрж╛рз░ржгржд ржЪрзБрз▒рж╛ ржЧрзИржЫрзЗ ржпржжрж┐ ржШрз░ржд ржЧрзИ ржЧрж╛ржЯрзЛ ржзрзБржм,0,0
72,ржХрж╛рз░ржи ржорж╛ржЗржХрзА ржЬржирзАржпрж╝рзЗ ржирж╛ржорж╛рждрж┐рж▓рзЗ ржЧрзБржгрзНржбрж╛ ржкрзБрж▓рж┐ржЫржЬржи ржШрз░ржд рж╕рзЛржорж╛ржм ржирзЛрз▒рж╛рз░рзЗред ржорж╛ржЗржХрзА ржЬржирзА рж╣ржпрж╝рждрзЛ ржЖржЧрз░ржкрз░рж╛ржЗ ржПржирзЗржХрзБрз▒рж╛ рж╕рзНржмржнрж╛рз▒рз░ рж╣ржпрж╝,1,1
73,ржоржиржд рз░ржЦрж╛ ржнрж╛рж▓ ржпрзЗ рждрзЗржирзЗ ржХрз░рж╛ ржЙржжрж╛рж╣рз░ржг рж╕рж╛ржВржмрж╛ржжрж┐ржХрз░рзЛ ржЖржЫрзЗ  рз╖,0,0
74,ржПржХрзЗ ржнрзБрж▓рз░ ржмрж╛ржмрзЗ ржорждрж╛ рж╣рж▓ ржмрзБрж▓рж┐ ржлржЯрзЛ ржорж╛рз░рж┐ рж╕ржмрж┐рж╢рзЗрж╖ ржмрз░рзНржгржирж╛ ржжрж┐ржм ржЖрз░рзБ ржорж╣рж┐рж▓рж╛ ржмрзБрж▓рж┐ ржлржЯрзЛ ржмрзНрж▓рж╛рз░ ржХрз░рж┐ ржжрзЗржЦрзБрзНрж╛рз▒рж╛ржм,0,0
75,ржирзЗ рж╕рж╛ржВржмрж╛ржжрж┐ржХ ржЬржирзЗ ржирж┐рж╢рж╛ ржорж╣рж┐рж▓рж╛ ржЧрз░рж╛ржХрзАрз░ ржлржЯрзЛ рж▓ржмрж▓рзИ ржЧрзИржЫрж┐рж▓ ? рж╕ржирзНржжрзЗрж╣ ржЖржЫрзЗ?? ржЖржкрзЛржирж╛рж▓рзЛржХрз░ ржЪрзЗржирзЗрж▓ ржмрж┐рж▓рж╛ржХрзЗ ржЕржХрж▓ ржкрзБрз░рзБрж╖рз░ ржжрзЛрж╖ рж╣рзЗ ржжрзЗржЦрзЗ ред,0,1
76,ржЙрзОржкрж╛рждржЯрзЛ ржмрзЗржЫрж┐ржХрзИ ржЪрж╛рз░рз░ рж▓ржЧржд ржорзЗржЫрзЗржЬ ржХрз░рж╛ ржмрзЛрз▒рж╛рз░рзА ржирзЗ ржЬрзАржпрж╝рз░рж┐ рж╣рзЗредржмрж┐ржЪрж╛рз░ ржХрз░рж┐ржм рж▓рж╛ржЧрзЗ ржЧрзБрз░рзБрз░ рж╕рзИрждрзЗ ржорзЗржЫрзЗржЬ ржХрз░рж╛ ржПржЗржЬржирзАржХрзЛред,0,0
77,ржХрж╛рз░ржг ржЕрждрзАрждрз░ ржбрж╛ржХрзНрждрз░ ржЗржЮрзНржЬрж┐ржирзАржпрж╝рж╛рз░ рж╕ржХрж▓ ржХрж┐ржорж╛ржирзЗ ржЗржВрж▓рж┐ржЫ рж╕рзНржХрзБрж▓ржд ржкржврж╝рж┐ржЫрж┐рж▓ ржмрж╛рз░рзБ? рж╕рзЗржЗ ржХржерж╛ ржирж┐рж╢рзНржЪржпрж╝ рз░рж╛ржЗржЬрзЗ ржиржЬржирж╛ ржирж╣ржпрж╝ред,0,0
78,"ржЖржЬрж┐ ржорзЗржШрж╛рж▓рзЯ,ржорж┐ржЬрзЛрз░рж╛ржорз░,ржирж╛ржЧрж╛рж▓рзЗржгрзНржбржд рждрзЗржУржБрж▓рзЛржХрз░ рж▓рз░рж╛- ржЫрзЛржмрж╛рж▓рзА ржЗржВрз░рж╛ржЬрзА ржорж╛ржзрзНржпржорз░ рж╕рзНржХрзБрж▓ржд ржкрзЭрж╛рж╢рзБржирж╛ ржХрз░рзЗ рз╖",0,0
79,"ржХрж╛рз░ржг ржпрж┐ржорж╛ржирзЗржЗ ржЬрж╛рждрзАржпрж╝рждрж╛ржмрж╛ржж ржирзЗржжрзЗржЦрж╛ржУржБржХ ржХрзЗрж▓рзЗржЗ,ржмрз░рзНрждржорж╛ржи ржЕрж╕ржо рждржерж╛ ржнрж╛рз░рждржд ржПржирзЗ ржПржЯрж╛ ржЪрж╛ржХрз░рж┐ ржирзЛрж▓рж╛ржм ржп╩╝ржд ржЗржВрз░рж╛ржЬрзАржХ ржкрзНрз░рж╛ржзрж╛ржирзНржп ржжрж┐ржпрж╝рж╛ ржирж╣ржпрж╝ рж╕рзЗржпрж╝рж╛ рж▓рж╛ржЧрж┐рж▓рзЗ ржЪрз░ржХрж╛рз░рзАржпрж╝рзЗржЗ рж╣ржУржБржХ ржмрж╛ ржмрзЗржЪрз░ржХрж╛рз░рзАржпрж╝рзЗржЗ рж╣ржУржБржХ",0,0
80,"ржЕрж╕ржорждрзЗ ржпрзЗ ржЕрж╕ржорзАрзЯрж╛ржХ ржЕрж╣ржорж┐рзЯрж╛ ржмрзЛрж▓рзЗ ржЕрж╕ржоржХ ржЕрж╣ржо ржмрзЛрж▓рзЗ ,ржнрж╛рж▓ ржХ ржмрж╛рж▓ ржмрзЛрж▓рзЗ, ржжрзЗрж╢ ржХ ржжрзЗрж╣ ржмрзЛрж▓рзЗ,ржнрж╛рз░рждржХ ржмрж╛рз░ржд ржмрзЛрж▓рзЗ ржПржЗ ржПржирзЗ ржзрз░ржирз░ ржХрж┐ржорж╛ржи ржпрзЗ рж╢ржмрзНржжрз░ ржмрж┐ржХрзГрждржХрз░ржи рж╣рзИ ржЖржЫрзЗ ржПржЗ ржмрж┐рж▓рж╛ржХрзЗрж╣рзЗ ржЕрж╕ржорзАрзЯрж╛ ржнрж╛рж╖рж╛рз░ ржорж╛ржЗ ржмрж╛ржк ржирзЛрж╣рзЛрз▒рж╛ ржХрз░рж┐ ржЖржЫрзЗ ржЖрз░рзБ ржХрз░рж┐ржм",0,1
81,ржПрзЯрж╛ ржПржХ ржорж┐ржЫржирз░ ржжрз░рзЗредрждрж╛рз░ ржмрж╛ржмрзЗ ржХрзЛржирзЛржмрж╛ ржжрж┐ржирж╛ржЦржи ржХрж┐ржмрж╛ ржнрз▒рж╛ ржЪрж┐ржирзНрждрж╛ ржХрз░рж┐ржЫрзЗржирзЗ,0,0
82,рж╕ржХрж▓рзЛ ржнрж╛рж╖рж╛ ржЗ ржЬрз░рзБрз░рзАредржЗржВрз░рж╛ржЬрзА ржЕрж╕ржорзАрзЯрж╛ ржжрзЯрзЛржЯрж╛ржЗ ржЧрзБрз░рзБрждрзНржм ржжрж┐ржм рж▓рж╛ржЧрж┐ржмредрж╕рзЗржЗржЦрж┐ржирж┐ ржХрз░рж┐ржмрж▓рзИ ржЖржорж┐ ржЪрз░ржХрж╛рз░ржХ ржмрж╛ржзрзНржп ржХрз░рж╛ржм ржкрж╛рз░рж┐ржм рж▓рж╛ржЧрж┐ржмред,0,0
83,ржПржирзЗржЗ ржорж╣рзО рж▓рзЛржХрз░ ржжрз░рзЗ ржмрж╛ржгрзА рж╕рзЛржкрж╛ ржЧрж╛ржЗ ржирж╛ржерж╛ржХрж┐ржмред,0,0
84,ржЖржорж┐ рж╣рзЗ ржЪрз░ржХрж╛рз░ ржЧржаржи ржХрз░рж┐ржЫрзЛржБредржЧрждрж┐ржХрзЗ ржЖржорж╛рз░ ржХржерж╛ ржирзБрж╢рзБржирж┐рж▓рзЗ рж╣ржм ржирзЗржХрж┐ред,0,0
85,ржЧрзБрз░рзБрждрзНржмржкрзВрз░рзНржг ржХржерж╛ржд ржЖрж▓рзЛржЪржирж╛ ржиржХрз░рж┐ ржмрж╛рз░рзЗ ржнржЪрж╣рзБ ржХржерж╛ ржкрждрж╛ржд ржЖржкрзЛржирж╛рж▓рзЛржХрзЗ ржХрзЗрждрж┐рзЯрж╛ржмрж╛ржЗ ржкрж┐ ржПржЗржЪ ржбрж┐ ржХрз░рж┐ржЫрзЗред,0,0
86,ржЕрж╕ржорз░ рж▓рз░рж╛ ржЫрзЛрз▒рж╛рж▓рзА ржЪрж╛ржХрз░рж┐ ржХрз░рж┐ ржмрж▓рзИ ржмрж╛рж╣рж┐рз░ржд ржпрж╛ржм рж▓ржЧрж╛ рж╣рзЯ ржмрж╛ ржХрз░рж┐рзЯрзЗ ржЖржЫрзЗред,0,0
87,ржЧрждрж┐ржХрзЗ ржЗржВрз░рж╛ржЬрзА ржнрж╛рж╖рж╛ржд ржжржЦрж▓ ржирж╣рж▓рзЗ ржкрж╛рз░рж┐ржм ржирзЗ ржмрж╛рж╣рж┐рз░ржд ржХрз░рж┐ржм ржЪрж╛ржХрз░рж┐редржорждржмрж┐рз░рзЛржз ржХрз░ржХ ржХрж┐ржирзНрждрзБ ржпрзБржХрзНрждрж┐ ржкрзВрз░рзНржг ржХржерж╛рждред,0,0
88,ржЖржирзНржжрзЛрж▓ржирз░ ржмрж╛рж╣рж┐рз░рзЗ ржХрж┐ ржЬрж╛ржирзЗ ржЖржкрзЛржирж╛рж▓рзЛржХрзЗредржЖржорж┐ рж╕рж╛ржзрж╛рз░ржг ржПржЧрз░рж╛ржХрзА ржорж╣рж┐рж▓рж╛ рж╣рзЯ ржУ ржмрзБржЬрж┐ ржкрж╛ржУ ржХржерж╛ржмрзЛрз░ ржХрж┐ржирзНрждрзБ ржХрж┐ржЫрзБржорж╛ржи ржЬрзНржЮрж╛ржирзАржкрзБрз░рзБрж╖рзЗ ржХрж┐рзЯ ржмрзБржЬрж┐ржм ржирзЛрз▒рж╛рз░рзЗ ржмрж╛ред,0,0
89,ржорзЛрз░ ржмрзЛржзрзЗрз░рзЗ ржорж╛ржзрзНржпржоржЯрзЛ ржПржЯрж╛ рж╕рж╛ржВржШрж╛рждрж┐ржХ рж╕ржорж╕рзНржпрж╛ ржирж╣тАМржпрж╝ ред ржЕрж╕ржорзАржпрж╝рж╛ ржорж╛ржзрзНржпржо ржЗржорж╛ржирзЛ ржжрзБрз░рзНржмрж▓ ржирж╣ржпрж╝,0,0
90,ржПржЗ ржорж╛ржзрзНржпржоржд рж╢рж┐ржХрзНрж╖рж╛рж▓рж╛ржн ржХрз░рж┐ржпрж╝рзЗржЗ ржЕржирзЗржХ ржмрж┐ржжржЧрзНржз ржкржгрзНржбрж┐ржд рж╕рзГрж╖рзНржЯрж┐ рж╣рзИржЫрзЗ ржЖрз░ рж╣рзИ ржерж╛ржХрж┐ржм ред,0,0
91,ржорж╛ржзрзНржпржорж▓рзИ рждрж╛рж╣рж╛ржирж┐ржжрж┐ржирз░ ржкрз░рж╛ ржЖржирзНржжрзЛрж▓ржи ржХрз░рж┐ ржержХрж╛ рж╕рзНржмрждрзНрждрзНржмрзЗржУ рж╕ржлрж▓ ржирж╣рж▓рзЛ ржЖржорж┐ рж╕рзЗржЗржпрж╝рзЗрж╣рзЗ ржЗржпрж╝рж╛ржХ ржЗржпрж╝рж╛рждрзЗржЗ ржпрждрж┐ ржкрзЗрж▓рж╛ржм рж▓рж╛ржЧрзЗ ред,0,0
92,ржпрж╛ржЗ ржержЗ pk ржд ржЪрж╛ржЧрзЗ ржарж┐ржХрзЗ ржХрзИржЫрж┐рж▓ ржирзЗ ржХрж┐?ржХрж┐ржЫрзБржорж╛ржи рж╕рждрзНржпржд ржкрз░рж┐ржгржд рж╣рзИ ржЖрж╣рж┐ ржЖржЫрзЗред ,0,0
93,ржмрж╛ржЗржжрзЗржУрз░ ржирж╛ржо ржЖрж╣рж┐ржм ржХрж╛рж▓рзАрж▓рзИ ржпрзЗ рж╣рж┐ржирзНржжрзБ ржзрз░рзНржоржХ ржЕржкржорж╛ржг ржХрз░рж╛ ржмрзБрж▓рж┐ ржЫрж╛ржЧрзЗ ржПрз░рзЗрж╕рзНржд ржХрз░рж┐ржм ред,0,1
94,ржоржЗ ржорзБржЫрж▓ржорж╛ржи ржХрж┐ржирзНрждрзБ ржоржЗ ржоржЫржЬрж┐ржжржХ ржпрзЗржирзЗржХрзИ ржоржирзНржжрж┐рз░ржХ ржУ рждрзЗржирзЗржХрзИ рж╢рзНрз░ржжрзНржзрж╛ ржХрз░рзЛржБред,0,0
95,"ржХрж╛рз░ржг ржПржирзЗржХрзБрз▒рж╛ рж╣рж╛рз░рж╛ржорзА,ржаржЧржмрж╛ржЬрз░ ржорзВржЦ ржмрзНрж▓ржХ ржХрз░рж╛ ржХрж┐ржмрж╛ ржпрзБржХрзНрждрж┐ ржЖржЫрзЗ ржмрзБрж▓рж┐ ржирзЗржнрж╛ржмрзЛ,ржпрж┐рж╣рзЗрждрзБ ржПржЗржзрз░ржгрз░ ржорж╛ржирзБрж╣ржХ ржоржиржд рз░ржЦрж╛ ржЕрждрж┐ ржЬрз░рзБрз░рзАред",1,1
96,ржЕржирж░рзНржержХ ржЖрз░рзБ ржЕржжрз░ржХрж╛рз░рзА ржЕржирзБрж╕рзНржерж╛ржи ржкрз░рж┐ржмрзЗрж╢ржи ржХрз░рж┐ рж╢рж┐ржХрзНрж╖рж╛ржЧрзБрз░рзБ ржЖржжрз░ржирзА ржкрз░рзНржм ржХрж▓рзБрж╖рж┐ржд ржХрз░рж╛рждрзЛ ржЙржЪрж┐ржд ржирж╣рзЯред,0,0
97,"ржХрзЗрждрж┐ржпрж╝рж╛ ржХрж┐ ржЪрж▓ржирж╛рз░рзЗ ржХ'ржд ржкрзНрз░рз▒ржЮрзНржЪржирж╛рз░ ржЬрж╛рж▓ ржкрзЗрж▓рж╛ржЗ ржарж┐ржХ ржирж╛ржЗ, рж╕рзЗржЗржмрж╛ржмрзЗ ржПржирзЗржмрзЛрз░ ржорж╛ржирзБрж╣ржХ рж╕ржорзНржкрзВрж░рзНржг ржорзБржЦржоржгрзНржбрж▓ рж╕рзНржкрж╖рзНржЯ ржХрзИ ржжрзЗржЦрзБрз▒рж╛ржЗ ржжрж┐ржм рж▓рж╛ржЧрзЗред",0,0
98,"рж╕рзЗрз▒рж╛ ржЖрз░рзБ ржнржХрзНрждрж┐ ржирж┐ржжрз░рзНрж╢ржгрз░ ржжрзНржмрж╛рз░рж╛ ржЧрзБрз░рзБ -рж╢рж┐рж╖рзНржпрз░ ржоржирж┐ржХрж╛ржЮрзНржЪржи рж╕ржВржпрзЛржЧрзЗржЗ, рж╢рж┐ржХрзНрж╖ржХ ржжрж┐рз▒рж╕рз░ ржорзВрж▓ рждрж╛рзОржкрз░рзНржп рж╣ржУржХред",0,0
99,"ржХрж┐ржирзНрждрзБ ржмрж╛рж╕рзНрждрз▒ ржХрзНрж╖рзЗрждрзНрз░ржд ржЖржи ржжрж▓рз░ ржмрж┐ржзрж╛ржпрж╝ржХ ржХрж┐ржирж╛-ржмрзЗржЪрж╛ржд ржмрзГрж╣рзО ржЯржХрж╛рз░ рж▓рзЗржиржжрзЗржи ржХрз░рзЛрждрзЗ ╩╝ржирж┐ржХрж╛╩╝ ржорзВржЦрж╛ржЦржи ржХ╩╝ржд рж╕рзЛрж▓рзЛржХрж╛ржЗ ржержпрж╝ ? ржирзЗ рж╕рзЗржпрж╝рж╛ ╩╝ржжрзБрз░рзНржирзАрждрж┐╩╝ ржирж╣ржпрж╝, рз░рж╛ржЬржирзАрждрж┐рз░рзЗржЗ ржЕржВрж╢ржмрж┐рж╢рзЗрж╖ ╩╝рж╕рзБржирзАрждрж┐╩╝ рж╕ржжрзГрж╢ ??",0,0
100,"ржпрзЛрз▒рж╛ рзирзж ржмржЫрз░ржд ржПржХрзЛ ржЙржирзНржирзЯржи ржХрз░рж╛ ржирж╛ржЗ ,ржХрз░рзНржо рж╕ржВржерж╛ржкржи,ржЪрж╛ржХрз░рж┐рз░ ржЦрзЗрждрзНрз░рждрзЛ ржмрж┐ржлрж▓ред",0,0
101,"ржирж╛ржоржирж┐ ржЕрж╕ржорз░ ржкрз░рж╛ ржЪрж╛ржХрз░рж┐рз░ ржкрз░рзАржХрзНрж╖рж╛ ржХрзЗржирзНржжрзНрз░ рж╕ржорзБрж╣ ржмрж╣рзБ ржжрзБрз░рз░ ржЬрж┐рж▓рж╛ рж╕ржорзБрж╣ рж▓рзИ ржЧрж▓,рждрж╛рз░ ржХрзЛржирзЛ ржкрзНрз░рждрж┐ржмрж╛ржж ржиржХрз░рж┐рж▓рзЗ ред ",0,0
102,"ржорж╛ржжрзНрз░рж╛ржЫрж╛ ржмрзЛрз░рзНржб ржЧрзБржЫрж┐ ржЧрж▓,ржЖржкрзЛржирж╛рж▓рзЛржХрз░ ржПржХрзЛ ржорж╛рждржмрзЛрж▓ ржмрж╛ ржкрзНрз░рждрж┐ржмрж╛ржж рж╢рзБржирж╛ ржиржЧрж▓ ред ",0,0
103,ржЖржЪрж▓рзЗ ржмрж┐ржЬрзЗржкрж┐рз░ ржЖржЧржд ржорзБржЦ ржмрж╛ ржкрзНрз░рждрж┐ржмрж╛ржж ржХрз░рж┐ржмрж▓рзИ ржнрзЯ ржЦрж╛рзЯ ржирзЗ ржмрж┐ ржЬрзЗ ржкрж┐рзЯрзЗ ржмрзЗрзЯрж╛ ржкрж╛ржм ржирзЗ ржирж┐ржЬ ржжрж▓рз░ рж▓рзЛржХржЪрж╛ржирз░ ржЪрж┐ржирзНрждрж╛ ржХрз░рзЗ ред,0,0
104,"ржЕ'ржЗ ржХрзБржХрзБрз░рж╣ржБржд, ржХрзЛржиржЯрзЛ ржЬрзАрз▒ржЗ рж╣рзЗрз░рж┐ ржХрз░рж┐рж▓рзЗ рждрж╣ржБрждрз░ ржжрз░рзЗ ржлржХржЯрзАрзЯрж╛ рз░рж┐ржк'рз░рзНржЯрж╛рз░ ржЬржирзНржо ржжрж┐рзЯрзЗ ржЦржмрз░рждрзЛ ржжрж┐ржмрж┐ржЪрзЛржи",1,0
105,"ржХрзЛржи ржЬржЧрз░рзАрзЯрж╛ ржХржм ржирзЛрз▒рж╛рз░рж┐ржо , рж╕рзЗржЗржЯрзЛ ржЙржЪрж┐ржд рждржжржирзНрждржЗрж╣рзЗ ржХржм ",0,0
106,ржЪрж┐ржХрж┐рзОрж╕ржХрз░ ржЧрж╛ржлрж┐рж▓рждрж┐ ржпржжрж┐ ржЕрждрж┐ ржкрз░рж┐рждрж╛ржкрз░ ржХржерж╛ред рждржерж╛ржкрж┐ ржЫрзЛрз▒рж╛рж▓рзАржЬржирзАрз░ ржорзГрждрзНржпрзБ ржЕрждрж┐ ржмрзЗржжржирж╛ржжрж╛ржпрж╝ржХ,0,0
107,"ржЬржЧрз░рзАрзЯрж╛ ржХрзЛржирзЛржирж╣рзЯ,ржЬржЧрз░рзАрзЯрж╛ рж╕ржорзЯ. ржмрж╛ ржХрж╛рж▓,рж╕ржХрж▓рзЛрз░рзЗ ржЖрж╣рзЗ",0,0
108,ржЕржнрж┐ржнрж╛рз▒ржХ ржпржжрж┐ рж╕ржЪрзЗрждржи рж╣рж▓рж╣рзЗржБрждрзЗржи ржХржгржорж╛ржирж┐ ржЬржирзА рж╣рзЗрз░рзБрз▒рж╛ржм рж▓ржЧрзАрзЯрж╛ ржирж╣рж▓рж╣рзЗрждрзЗржи,0,0
109,ржХрж╛ржХ ржХрзЗрждрж┐ржпрж╝рж╛ ржХ'ржд ржХрж┐ржпрж╝ ржорж╛рз░рж┐ржм рж╕рзЗржЗ ржХржерж╛ ржирж┐рж╢рзНржЪржпрж╝рждрж╛ ржЖржЫрзЗ ржЖржЬрж┐рз░ ржжрж┐ржиржд ржХрж╛рз░ рж╣рж╛рждржд ржЬрж╛ржирзЗржирзЗ ржЕрж╕ржоржмрж╛рж╕рзА рз░рж╛ржЗржЬ,0,0
110,ржорж╛ржХ ржмрж╛ржкрзЗржХ ржкрз░рж┐рз▒рзЗрж╢ ржкрз░рж┐рж╕рзНржерж┐рждрж┐ ржбрж╛ржХрзНржЯрз░ ржирж╛рз░рзНржЫ рж╕рзНржмрж╛рж╕рзНржерзНржп ржмрж┐ржнрж╛ржЧ ржЖрз░рзБ ржирж┐ржЬрзЗ -ржмрж╛ржХрзА ржЪрз░ржХрж╛рз░ ржЬржЧрз░ржд ржкрз░рж┐рж▓рзЗржУ ржЪрз░ржХрж╛рз░ ржЦржи ржЖржорж┐рзЯрзЗ ржкрждрж╛ ржЧрждрж┐ржХрзЗ ржЖржорж┐рзЯрзЗ ржЬржЧрз░рзАрзЯрж╛,0,0
111,ржХрж┐ржорж╛ржи ржЪрж╛ржЗржЬрз░ ржорж┐ржбрж┐ржпрж╝рж╛ ржХрзЗржЗржЯрж╛ржЗ ржЬрзБржЦрж┐ржм рж▓рж╛ржЧрж┐ржЫрж┐рж▓ред ржирж┐ржЙржЬ ржирж╛ржкрж╛ржУ ржирж╛ ржЖрз░рзБ рждрж╣рждрзЗ,1,0
112,ржмржХрзНрж╕рж╛рз░ржЧрз░рж╛ржХрзАрз░ ржжрзЗрж╣рз░ ржХрзЛржиржЯрзЛ ржЕржВрж╢ рз░рж╛ржЬрж╣рзБрз▒рж╛ ржЖрз░рзБ ржХрзЛржиржЯрзЛ ржмрзНржпржХрзНрждрж┐ржЧржд ржЕржВрж╢ ржХрзЗржирзЗржХрзИ ржирж┐рз░рзВржкржг ржХрз░рж┐рж▓рзЗ?,0,0
113,ржжрзЗржЦрзБрз▒рж╛рж▓рзЗ ржмрзБрж▓рж┐рзЯрзЗржЗ ржЪрж╛ржо ржирж┐ ржХрзНрж▓рж╛рж╣рж╣?,1,0
114,ржЖржорж╛ржХ ржкрзНрз░ржорж╛ржг рж▓рж╛ржЧрж┐ржм ржирж╣рж▓рзЗ ржмрж┐рж╢рзНржмрж╛рж╕ ржиржХрз░рж┐ржо ржжрзЗржЗ ред,0,0
115,ржЖрз░рзЗ ржмрзБржХрзБ ржлрж╛рж▓рж┐ ржжрзЗржЦрж╛рж▓рзЗ ржЖржХрзМ ржжржо ржХрж┐ рж╣рж▓ рждрж╛рждрзЗ,0,0
116,ржЗржорж╛ржи рж╕рз░рзБ рж▓рз░рж╛ржЯрзЛржХ рж╕рзЗржЗржмрзЛрз░ ржЪрж╛ржмрж▓рзИ ржХрж┐рзЯ ржирж┐ржЫрж┐рж▓,0,0
117,ржкрзНрз░рзАрзЯржЬржирж┐рз░ ржХрж╛рз░ржгрзЗ рж▓рзИ ржЧрзИржЫрж┐рж▓ ржЪрж╛ржЧрзЗред ржирж╣рж▓рзЗ ржПржирзЗ ржХрж╛ржо ржХрзЛржирзЗржУ ржиржХрз░рзЗред,0,0
118,ржмрз░ ржмрзЗрзЯрж╛ ржХрзНрж╖ржиржд ржЬржирзНржо ржЧрзНрз░рж╣ржг ржХрз░рж┐ржЫрж┐рж▓ ржкрзБрж▓рж┐ржЪ рж╣рзИ ржУ ржЪрзБрз░рз░ ржХрж╛ржо ржХрз░рзЗ ред,0,0
119,ржкрзБрж▓рж┐ржЪрзЗ ржЪрзБрз░ ржзрз░рзЗ ржмрзБрж▓рж┐ рж╣рзЗ ржЬрж╛ржирзЛ ржЖржо ржЪрзБрз░ ржХрз░рзЗ ржмрзБрж▓рж┐ ржЖржЬрж┐ рж╢рзБржирж┐ржЫрзЛ,0,1
120,рж▓рзЛржХржХ ржаржЧрзА ржЦрзЛрз▒рж╛ ржЕржнрзНржпрж╛рж╕рждрзЛржирзЛ ржХрзЗржирзЗржХрзИ ржПрз░рзЗ ред,0,0
121,ржЕрж╕ржо ржкрзБрж▓рж┐ржЪ ржЪрзЛрз░ ржмрзБрж▓рж┐ ржоржЗ ржЖржЧрждрзЗржУ ржмрж╣рзБржд ржмрж╛рз░ ржХрзИржЫрзЛред,1,0
122,ржЕржнрж┐ржпрзЛржЧ рж╕рждрзНржп ржкрзНрз░ржорж╛ржгрж┐ржд рж╣'рж▓рзЗ ржирж┐рж▓ржорзНржмржирз░ ржирж╛ржЯржХржд рз░рж╛ржЗржЬ ржХрзНрж╖рж╛ржирзНржд ржирж╛ржерж╛ржХрж┐,0,0
123,рждрзНржпрж╛ржХрж╛рз░рзАрз░ ржжрз░рзЗ ржХржарзЛрз░ рж╢рж╛рж╕рзНрждрж┐ рж╕ржирзНржорзВржЦрзАржи рж╣'ржм рж▓рж╛ржЧрж┐ржм ,0,0
124,ржжрзЗрж╢рз░ ржнрж┐рждрз░рждрзЗ рж╕рз░рзНржмржирж┐ржорзНржи ржЕрж╕ржорз░ ржЪрж┐ржХрж┐рзОрж╕рж╛ ржмрзНржпрз▒рж╕рзНржерж╛,0,0
125,ржЗржорж╛ржи ржЫрж┐рз░рж┐ржпрж╝рж╛ржЫ рз░рзЛржЧрзА ржПржЧрз░рж╛ржХрзАржХ ржирж╛рз░рзНржЪрз░ ржЕржмрж╣рзЗрж▓рж╛ ржпрзЗ рж╣рзИржЫрзЗ рж▓рз░рж╛ржЬржирз░ ржХржерж╛рз░ ржкрз░рж╛ржЗ ржЧржо ржкрзЛрз▒рж╛ ржЧрзИржЫрзЗ!!,0,0
126,"ржЯржХрж╛ ржжрж┐ ржЪрж╛ржХрз░рж┐ рж▓рзИржЫрзЗ ржирж╛ржоржд ржбржХрзНрждрз░, ржирж╛рз░рзНржЫ, ржХрж╛ржо ржирж╛ржЬрж╛ржирзЗ рж╕рж┐рж╣ржБржд ржжрз░ржорж╣рж╛ рж▓рзИ ржкрж╛рж▓ ржорж╛рз░рж┐ржЫрзЗ, ржЙржЪрж┐ржд рждржжржирзНржд ржХрз░рж┐ржм рж▓рж╛ржЧрзЗ,",0,0
127,ржЪрз░ржХрж╛рз░рзА ржЪрж┐ржХрж┐рзОрж╕рж╛рж▓рзЯржп ржержХрж╛ ржбрж╛ржГ ржЖрз░рзБ ржирж╛рз░рзНржЫ ржХрж┐ржЫрзБржорж╛ржи рж╕ржЪрж╛ржЗ ржЕржнржжрзНрз░рж╛ржорзА,0,0
128,"ржХрж┐рзЯ ржорж╛ржирз▒рзАржпрж╝рждрж╛ рж╣рзЗрз░рж╛ржЗ ржЧрзИржЫрзЗ ржЕ рж╕ржорж╛ржЬржд, ржирж┐ржЬрз░ ржмрзГрждрзНрждрж┐ рждржерж╛ ржжрж╛ржпрж╝рж┐рждрзНржм ржнрж╛рж▓ржХрзИ ржкрж╛рж▓ржи ржХрз░рж┐рз▒ рж▓рж╛ржЧрзЗ! ржжрзБржЦ рж▓рж╛ржЧрж┐ржЫрзЗ рж╕ржБржЪрж╛ржХрзИ",0,0
129,"ржПржЦржи ржмрзГрж╣рзО ржЦрзЗрж▓ ржЕржирзБрж╖рзНржарж┐ржд, ржкрз░рж┐ржЪрж╛рж▓ржирж╛ ржХрз░рж┐ржмрж▓рзИ ржХрж┐ржорж╛ржи ржпрждрж┐рж▓ рж╕рзЗржпрж╝рж╛ ржЖржкрзЛржирж╛рж▓рзЛржХрз░ ржжрз░рзЗ ржХрж╛ржо ржирж╛ржЗржХрзАржпрж╝рж╛ ржирж┐ржЙржЬ ржЪрзЗржирзЗрж▓ржирзЗ ржХрж┐ ржмрзБржЬрж┐ржм, ",0,0
130,"ржЖржкрзЛржирж╛рж▓рзЛржХрз░ TRP ржкрж╛ржЫржд ржжрзМрз░рж┐ ржерж╛ржХрзЛржБрждрзЗржЗ ржжрж┐ржи ржпрж╛ржЗ,,, ржнрж╛рж▓ ржжрз░ржХрж╛рз░рзА ржирж┐ржЙржЬ ржмржирж╛ржм",0,0
131,ржЕрж╕ржоржд ржПржЦржи ржЖржирзНрждрз░рж╛рж╖рзНржЯрзНрз░рзАржпрж╝ ржЦрзЗрж▓ ржЕржирзБрж╖рзНржарж┐ржд рж╣рзИржЫрзЗ редрж╕ржХрж▓рзЛрз▒рзЗ рж╕рзБржЦрзА рж╣рзЛрз▒рж╛ ржкрзНрз░ржпрж╝рзЛржЬржи,0,0
132,ржХрзЗрз▒рж▓ ржирж┐ржЬрз░ ржорж╛ржирзБрж╣ ржЦрж┐ржирж┐ржХ ржжрзЛрж╖рж╛рз░рзЛржк ржХрз░рж┐ ржержХрж╛ ржЯрзЛрз▒рзЗ ржЖржорж╛рз░ ржЙржжрзЗрж╢рзНржп рж╣рзЛрз▒рж╛ржЯрзЛ ржмрзЗржпрж╝рж╛ред,0,0
133,рж╕рж╛ржк ржжрж╛рж▓ ржЯрж┐ржХржЯ ржХрж╛ржЯрж┐ржЫрж┐рж▓ ржирж╛ржЗ рждрж╛рз░рзЗ ржЖржорж╛ржХ CBI рждржжржирзНржд рж▓рж╛ржЧрзЗ,0,0
134,рждрзАржмрзНрз░ ржЧрждрж┐ рж╕рз░рзНржЧ ржЧрж╛ржорзА рж▓ржЧрждрзЗ рж╕рзБрз░рж╛ ржерж╛ржХрж┐рж▓рзЗ ржХржерж╛ржЗ ржирж╛ржЗ ржЯрж┐ржХржЯ ржХржиржлрж╛рз░рзНржо,0,0
135,ржЧржбрж╝ ржЕрж╕ржорз░ ржмрж┐ржЦрзНржпрж╛ржд ржЬржирзНрждрзВ рж╕рзЗржЗржЯрзЛ ржУрж▓рж┐ржпрж╝рж╛ржЗ ржжрж┐ржм рж▓рж╛ржЧрж┐ржЫрж┐рж▓,0,0
136,"ржЖрз░рзБ рж▓рж╛ржЗржЯржЯрзЛ ржЪрж╛ржЧрзЗ ржкрзНрз░рзЗржорж┐ржХ, ржкрзНрз░рзЗржорж┐ржХрж╛ржХ ржПржЦржирзНрждржХ ржжрзЗржЦрж╛ ржХрз░рж┐ржмрж▓рзИ ржХрж╛ржЯрж┐ржЫрж┐рж▓рзЗ",0,0
137,ржирзЗржЙрж▓ ржжрзБржЯрж╛ржорж╛ржи ржкрзБрж╣рж┐ржмрж▓рзИ ржЖрж╣рзНржмрж╛ржи ржЬржирж╛рж▓рзЛржБ,0,0
138,ржЖржорзЗрз░рж┐ржХрж╛ ржЬрж╛ржкрж╛ржирждрзЛ ржмрж╛ржиржкрж╛ржирзА рж╣ржпрж╝ редрждрзЗржирзЗрж╣рзЗржи ржХржерж╛ ржжрзЗржЫрзЛржи ред,0,0
139,"рж╕рж╛ржк ржжрж╛рж▓ ржЯрж┐ржХржЯ ржЕржмрж┐рж╣ржирзЗ ржкрзНрз░ржмрзЗрж╢ ржХрз░рж┐ржЫрж┐рж▓ ржирзЗ , рждржжржирзНржд рж╣'ржм рж▓рж╛ржЧрзЗ ред",0,0
140,ржХрж╛ржЧржЬржд рж╢рж┐ржХрзНрж╖рж┐ржд ржЧрз░рзБ ржХржерж╛ ржПржирзЗржХрзБрз▒рж╛ рж╣'ржм ржкрж╛рз░рзЗ ,1,0
141,ржЗ ржХрж╛рж▓ржирзНржд рж╕рж╛ржБржкржЯрзЛрз▒рзЗ ржПржХржиржорзНржмрз░ рж╣рж╛рз░рж╛ржорж┐ рж╣рзЯ ржЪрж╛рж▓рзНрж▓рж╛! рж▓рзАрж▓рж┐ржорж╛ржЗ ржХрз░рж┐ ржЧрзЛржЯрзЗржЗ рж▓рж╛ржЗржЯ ржмржирзНржз ржХрз░рж┐ржмрж▓рзЗ ржХрж┐ ржжрз░ржХрж╛рз░ рж╣рзИржЫрж┐рж▓ рждрж╛рз░,1,0
142,рж╕рж╛ржкрз░рзЛ ржнрж╛ржЧрзНржп ржУржЪрз░рз░ ржкрз░рж╛ рж╕ржХрж▓рзЛржХрзЗ ржЪрж╛ржмрж▓рзЗ ржкрж╛рж▓рзЗред,0,0
143,рж╖рзНржЯрзЗржбрж┐рзЯрж╛ржорз░ ржнрж┐рждрз░ржд ржорзЛржмрж╛ржЗрж▓ ржЖрз░рзБ ржорж╛ржирж┐ ржмрзЗржЧрз░ ржмрж╛рж╣рж┐рз░рзЗ ржЕржирзНржп ржХрж┐ржмрж╛ ржмрж╕рзНрждрзБ ржирж┐ржмрж▓рзИ ржорж╛ржирж╛ ржХрз░рж┐ржЫрзЗ ,0,0
144,ржкрж┐ржЫрзЗ ржЗржорж╛ржи ржбрж╛ржЩрз░ рж╕рж╛ржк рж▓рзИ ржХрзЛржирзЗ ржЧрзИржЫрзЗ ЁЯШАЁЯША,0,0
145,ржЕрждрж┐ рж╕рзЛржиржХрж╛рж▓рзЗ рждржжржирзНржд ржХрз░рж┐ рждрзЗржУржХ рж╣рж╛рж╕рзНрждрж┐ ржжрж┐ржм рж▓рж╛ржЧрзЗ,0,0
146,ржирж┐рзЯржорзАрзЯрж╛ржХрзИ ржЦрзЗрж▓ рж╣рзИ ржиржержХрж╛ рж╖рзНржЯрзЗржбрж┐рзЯрж╛ржоржд ржПржирзЗ ржШржЯржирж╛ рж╣рзИрзЯрзЗржЗ ржерж╛ржХрж┐ржм ,0,0
147,ржИрж╢рзНржмрз░ржХ ржкрзНрз░рж╛рз░рзНржержирж╛ ржХрз░рж┐ржЫрзЛ рждрзЗржЦрзЗрждржХ рж╕рзЛржиржХрж╛рж▓рзЗ ржЖрз░рзЛржЧрзНржп ржХрз░рж┐ рждрзЛрж▓ржХ ред,0,0
148,ржорж╛рж╕рж╛ржЖрж▓рзНрж▓рж╛рж╣ ...рждрзБржорж┐ рждрзМржмрж╛ ржХрз░рж╛ ржЖрж▓рзНрж▓рж╛рж╣ ржорж╛ржл ржХрз░рж┐ржм,0,0
149,ржЕржирзНрждрз░рз░ ржкрз░рж╛ ржХрзНрж╖ржорж╛ ржмрж┐ржЪрж╛рз░рж┐рж▓рзЗ ржЖрж▓рзНрж▓рж╛рж╣ рждрж╛рж▓рж╛ржЗ ржирж┐рж╢рзНржЪржпрж╝ ржХрзНрж╖ржорж╛ ржХрз░рж┐ ржжрж┐ржмред,0,0
150,ржЗржорж╛ржи ржзрзБржирзАржпрж╝рж╛ ржирз░рзНрждржХрзАржХ ржХрзНрж╖ржорж╛ ржиржХрз░рж╛рз░ ржХрзЛржирзЛ ржХрж╛рз░ржгрзЗ ржирж╛ржЗ,0,0
151,ржЪрз░ржХрж╛рз░рзЗ ржПржЯрж╛ рж╣рж╛ржБрж╣рз░ ржЧржБрзЬрж╛рж▓ ржЖрз░рзБ ржПржЯрж╛ ржЧрж╛рж╣рз░рж┐рз░ ржЧржБрзЬрж╛рж▓ ржмржирж╛ржЗ ржжрж┐ржм ржмрзБрж▓рж┐ ржЖрж╢рж╛ ржХрз░рж┐рж▓рзЛржБ рз╖,0,1
152,ржЙржЪрж┐ржд ржарж╛ржЗржд ржЧрзИржЫрзЗ ржПрждрж┐ржпрж╝рж╛ ржПржЬрж╛ржХ ржЬрж╛ржирзБрз▒рж╛рз░ ржЬржирзНржо ржжрж┐ржмред,1,1
153,ржнрзЛржЬржкрзБрз░рзАржд ржХржЯрж┐ ржжрзЗржЦрзБрз▒рж╛ ржкрж╛ржкрз░ ржЦржгрзНржбржи рж╣рзИржЫрзЗ,1,0
154,рж╕ржХрж▓рзЛ рж╣рзЗрз░рзБрз▒рж╛ржЗ ржорж╛ржирж╕рж┐ржХ рж╢рж╛ржирзНрждрж┐рз░ ржмрж╛ржмрзЗ ржзрз░рзНржорз░ ржЖрж╢рзНрз░рзЯ рж▓рзЛрз▒рж╛ржЯрзЛ ржкрзБрз░ржгрж┐ ржкрз░ржорзНржкрз░рж╛ ред,0,0
155,ржЕрж╢рзНрж▓рзАрж▓ ржЪрж┐ржирзЗржорж╛ ржЖрз░рзБ ржлтАЩржЯрзЛржмрзЛрз░ ржХрж▓рзИ ржпрж╛ржм ? ржШржЯрж┐ ржкрзЛрз▒рж╛ ржзржиржмрзЛрз░ ржжрж╛ржи ржХрз░ рз╖,1,1
156,ржПржЯрж╛ ржЫржмрж┐ ржЫрж╛ржХ ржЖрз░рзБ ржжрзБржЬржирзА ржлржЯрзЛ ржЫрж╛ржХ ржХрзЛржирждрзЛ ржнрж╛рж▓ рж▓рж╛ржЧрж┐ржЫрзЗ ржХржХ,0,0
157,ржЪрзЗрж▓рж┐ржпрж╝рж╛ржЗ ржХрж▓ ржЯрзЛ ржЦрж╛рж▓рж┐ ржмрж╛ржХрж▓рж┐ ржХржд ржкрзЗрж▓рж╛ржм рж▓рж╛ржЧрзЗ ржирж╛ржЬрж╛ржиред,1,1
158,"ржзрз░рзНржорж╛ржирзНржз ржЗржЫрж▓рж╛ржоржд ржПржЗ ржиржХрз░рж┐рж▓рзЗ ржкрз░рж┐рзЯрж╛рж▓ржХ рж╢рзЗрж╖ ржХрз░рж┐ ржжрж┐ржм ржорзЛрж▓рзНрж▓рж╛ рж╕ржХрж▓рзЗ, ",1,1
159,"рж╣рж┐ржирзНржжрзБрж▓рзИ ржХржиржнрж╛рз░рзНржЯ рж╣рзЛрз▒рж╛ ржЖрз░рзБ ржорзБржХрзНрждрж┐рз░ рж╣рж╛ржБрж╣рж┐ ржорж╛рз░рж╛, ",1,1
160, ржЗрз░рж╛ржгржд ржорзБржЫрж▓ржорж╛ржи ржорж╣рж┐рж▓рж╛ ржЬрж╛ржЧрж┐ржЫрзЗ ржЖрз░рзБ ржЗрзЯрж╛ржд рждржорзНржмрзБ ржкрж┐ржирзНржзрж┐ржЫрзЗ ЁЯдг,1,1
161,"рж╣рж┐ржирзНржжрзБ ржзрз░рзНржорждрзЛ ржЖржЯрж┐ржЪрзЗ,ржЖржорж┐ рж╣рж┐ржирзНржжрзБ ржирж╛рз░рзА рж╣рзИ ржЬрж╛ржирзЛ ржорж╣рж┐рж▓рж╛рз░ ржХрзЛржирзЛ ржПржЯрж╛ ржзрз░рзНржорждрзЗржЗ рж╕ржо ржЕржзрж┐ржХрж╛рз░ ржирж╛ржЗ рждржерж╛ржкрж┐ржУ parsi ржмрж╛ zorastrian ржд ржорж╣рж┐рж▓рж╛рз░ ржЕржзрж┐ржХрж╛рз░ ржмрзЗржЫрж┐,",1,1
162,"рждрж╛рз░ ржкрж╛ржЫржд ржЖржЫрзЗ jew,christianity,Budhism ,",1,0
163,"рж╣рж┐ржирзНржжрзБ ржзрз░рзНржорждрзЗржЗ рждрзЛ ржорж╣рж┐рж▓рж╛рз░ ржЕржзрж┐ржХрж╛рз░ рж╕ржмрждржХрзИ ржХржо,",1,0
164,"ржмрж┐рзЯрж╛ржд ржХржЗржирж╛ржЗ ржжрз░рж╛рз░ ржнрз░рж┐ ржзрзБрз▒рж╛ржЗ рждрж╛рз░ ржЕрз░рзНрже ржирж╛рз░рзА ржпрж┐ржорж╛ржирзЗржЗ рж╢рж┐ржХрзНрж╖рж┐ржд,",1,1
165,independent рж╣рж▓рзЗржУ ржорждрж╛рз░ рждрж▓ ржЧрждрж┐ржХрзЗ muslim ржХ ржЙржкрж▓рзБржЩрж╛ ржХрз░рж╛рз░ ржЖржорж╛рз░ ржЕржзрж┐ржХрж╛рз░ ржирж╛ржЗред,1,1
166,"ржмрзНржпржХрзНрждрж┐ржЧржд ржнрж╛ржмрзЗ рждрзНржпрж╛ржЧ ржХрз░ржХ рж╣рж┐ржирзНржжрзБ ржзрз░рзНржо ржпржжрж┐ ржЖржкрзБржирж┐ ржорж╣рж┐рж▓рж╛рз░ ржЕржзрж┐ржХрж╛рз░ ржирж╛ржЗ ржмрзБрж▓рж┐ ржнрж╛ржмрзЗ , ",1,1
167,"ржХрж┐ржирзНрждрзБ ржЖржкрзЛржирж╛рз░ ржжрз░рзЗ рж▓рж┐ржмрж╛рз░рзЗрж▓ рж╣рж┐ржирзНржжрзБрз░ ржЕржнрж╛рз▒ ржирж╛ржЗ рж╣рж┐ржирзНржжрзБ ржзрз░рзНржоржд , ",1,1
168,"ржорзБржХрж▓рж┐ ржЫрзЗржХрзНрж╕рз░ ржмрж╛ржжрзЗ ржЦрзНрз░рзАрж╖рзНржЯрж╛ржи ржЬрзАржЙржЫрз░ рж╕ржХрж▓рзЛрждрзЛ ржЖржЬрж┐рз░ рж╣рж┐ржирзНржжрзБ ржорж╣рж┐рж▓рж╛ржЗ ржХрз░рзЗржЗ , ",1,1
169,"ржХрзЗржЗржЬржирзАрзЯрзЗ рж╕рзЗржирзНржжрзБрз░ рж▓рзЯржирзЛ, ржХрзЗржЗржЬржирзАрзЯрзЗ ржнрз░рж┐ржд ржзрз░рзЗ ??",1,1
170," ржзрз░рзНржоржд ржирж╣рзЯ ржмрж╛ржЗржжрзЗржЙ ржмрж╣рзБрждрз░ ржорждрж╛ рж╣рж╛рз░рж╛ржорз░ ржирзЗржЧрзБрз░ ржкрж╛ржЗ ЁЯШК ,",1,0
171, ржпржжрж┐ ржЖржкрзБржирж┐ рж╢рж┐ржХрзНрж╖рж┐ржд рждрзЗржирзНрждрзЗ рж╣рж┐ржирзНржжрзБ ржзрз░рзНржо рждрзНржпрж╛ржЧ ржХрз░рж┐ рж╕рж╛ржорж╛ржЬрж┐ржХ ржнрж╛рз▒рзЗ ржлрзЗржЪржмрзБржХржд ржжрж┐рзЯржХ рждрзЗрж╣рзЗ....,1,1
172,"ржХржерж╛ ржХржмрж▓рзИ ржЖрж╣рж┐ржЫрзЗ ,рж╕ржЫрж╛ ржХржерж╛ ржХрж▓рзЗ ржЧрж╛ржд рж▓рж╛ржЧрзЗ,рж╣рж┐ржирзНржжрзБ ржзрз░рзНржоржд ржмрж┐ржзржмрж╛рз░ ржЬрж┐ржмржи ржХрж┐ ржЖржЫрж┐рж▓ ржЬрж╛ржирзЗржирзЗ?",1,0
173,"ржПрждрж┐рзЯрж╛ржУ ржмрж┐ржзржмрж╛ ржмрж╛ divorcee ржХ ржЕржоржВржЧрж▓рж┐рзЯрж╛ ржмрзБрж▓рж┐ ржнржмрж╛ рж╣рзЯ,",1,1
174,"ржЖржЬрж┐ржХрж╛рж▓рж┐ рж╣рзЗ ржЫрзЛрз▒рж╛рж▓рзА рзЯрзЗ property ржкрж╛ржЗ рждрж╛ржХрзЛ ржХрж┐ржорж╛ржи struggle,ржЖржкрзБржирж╛рж▓рзЛржХ ржорждрж╛ ржмрз░ ржнржЧржмрж╛ржи ржирзЗржХрж┐ ржпрзЗ ржХржЗржирж╛ржЗ ржжрз░рж╛ржХ рж╕рзЗрз▒рж╛ ржХрз░рж╛ ржкрзНрз░ржерж╛ рждрзЛ ржЬрж┐рзЯрж╛ржЗ рз░рж╛ржЦрж┐ржЫрзЗ,",1,1
175,"ржЖржкрзБржирж╛ржХ ржХрзЛржирзЗ ржХ'рж▓рзЗ christianity ржорж╛ржирзЗ free sex ржмрзБрж▓рж┐ ржирж╛ржЬрж╛ржирж┐рж▓рзЗ ржХржерж╛ ржиржХржм,",1,1
176,"ржЖрз░рзБ formaly рждрзЛ ржорж╛ржирзБрж╣рзЗ ржПржЯрж╛ ржзрз░рзНржоржд ржерж╛ржХрж┐ржмрзИ рж▓рж╛ржЧрж┐ржм,",0,1
177,"рж╣рж┐ржирзНржжрзБрз░ ржжрзЗржмрзА ржжрзБрз░рзНржЧрж╛ржХ ржоржЗ ржорж╛ржирзБ ржХрж╛рз░ржи рждрзЗржБржУ ржирж╛рз░рзА,",0,1
178,ржирж┐ржЬрзЗ рж╣рж┐ржирзНржжрзБ ржзрз░рзНржорз░ рж╣рж▓рзЛ ржмрзБрж▓рж┐рзЯрзЗ ржпрзЗ ржмрзЗрзЯрж╛ рждрзЛ ржУ ржнрж╛рж▓ ржмрзБрж▓рж┐ ржХржо рждрзЗржирзЗржХрзБрз▒рж╛ ржоржЗ ржирж╣рзЯ ржЖрз░рзБ ржнрж╛рж▓ржХрзИ ржиржЬржирж╛ржХрзИ ржмрзЗрж▓рзЗржЧрз░ ржзрз░рзНржо рж╕ржорж╛рж▓рзЛржЪржирж╛ржУ ржиржХрз░рзЛред,0,1
179,"ржЖржкрзБржирж┐ рждрзЗржирзНрждрзЗ ржмрж┐рж╖рж╛ржХрзНржд рж╕рж╛ржк, ",1,1
180,"ржХрзЛржирзЗ ржХрж▓рзЗ ржмрж┐ржзрз▒рж╛ржХ ржЕржоржВржЧрж▓рзАрзЯрж╛ ржнрж╛ржмрзЗ ржЖржкрзЛржирж╛рз░ ржжрз░рзЗ ржЕрз░рзНржз рж╣рж┐ржирзНржжрзБрз▒рзЗ ржнрж╛ржмрзЗ ржЪрж╛ржЧрзИ, ",1,1
181,"ржЖржкрзЛржирж╛рз░ ржЧрж┐рз░рж┐рзЯрзЗрз░рждрзЛ ржорз░ржХ рж╕рзЛржиржХрж╛рж▓рзЗ ржЖрз░рзБ ржЖржкрзБржирж┐ ржмрж┐ржзржмрж╛ рж╣ржУржХ ржпрж╛рждрзЗ ржЖржкрзБржирж┐ ржкрзБржирз░ ржмрж┐ржмрж╛рж╣ рж╣ржм ржкрж╛рз░рж┐ржм , ",1,1
182,"рждрзЗрж╣рзЗ ржЬрж╛ржирж┐ржм ржпрзЗ рж╣рж┐ржирзНржжрзБржд ржмрж┐ржзрз▒рж╛ ржмрж┐ржмрж╛рж╣ ржкрзНрз░ржерж╛ ржЖржЫрзЗ, ",0,1
183,"ржпрж┐ ржмрж┐ржзржмрж╛ рж╣рзЯ рж╕рж┐ ржирж┐ржЬрз░ ржЗржЪрзНржЫрж╛ржд ржЬрзАрз▒ржирз░ рж╕ржВржЧрзА ржмрзБрж▓рж┐ ржЧрж┐рз░рж┐рзЯрзЗржХрз░ ржкрзНрз░рждрж┐ ржнрж╛рж▓ржкрзЛрз▒рж╛рз░ ржмрж╛ржмрзЗрж╣рзЗ, ",0,0
184,"ржЖржкрзЛржирж╛рз░ ржжрз░рзЗ ржХрж┐ржЫрзБ ржнржгрзНржб ржирж╛рз░рзАрзЯрзЗ ржПржЗ ржмрж┐ржзржмрж╛ ржмржирзЛрз▒рж╛ржд ржмрзЗржЫрж┐ ржЖржЧрз░ржгрзБрз▒рж╛, ",1,0
185,"ржкрзБрз░рзБрж╖ ржирж╣рзЯ рж╕ржХрж▓рзЛ ржХржерж╛рждрзЗ ржкрзБрз░рзБрж╖ржХ ржЧрж╛рж▓рж┐ ржжрж┐рзЯрж╛ ржЖрз░рзБ ржкрзБрз░рзБрж╖рз░рзЗ ржЪрзЗрж▓рзЗржХрж┐ ржержХрж╛ ржмрзЛрз░рз░ divorse ржирж╣рзЯ ржХрзЗрждрж┐рзЯрж╛ржУ ржЖрз░рзБ divorse рж╣рж┐ржирзНржжрзБ ржзрж░рзНржорз░ ржмрж╕рзНрждрзБ ржирж╣рзЯ ,",1,1
186," ржЗ рж╕рж╛ржорж╛ржЬрж┐ржХ рж╣рзЗ ржХрж┐ржирзНрждрзБ ржмрж╛ржХрзА ржзрз░рзНржоржд рждрж╛рж▓рж╛ржХ divorce ржзрз░рзНржорз░ ржХржерж╛ , ржЕрж▓рзНржк ржЬрзНржЮрж╛ржи ржнрзЯржВржХрз░ ржмрж╛ржЗржжрзЗржЙ ред ",0,1
187,"ржжрзБрз░рзНржЧрж╛ржХ ржорж╛ржирзЗ ?? ржХрж┐ ржорж╛ржирзЗ ?? ржмрж▓рж┐ ржжрж┐рзЯрзЗ ржирзЗ fassion ржкрзВржЬрж╛ ржХрз░рзЗ ржоржгрзНржбржкржд ржЧрзИ , ржирж┐ржЬрз░ржЯрзЛ ржнрж╛рж▓ржжрз░рзЗ ржирж╛ржЬрж╛ржирзЗ ржЖржиржЯрзЛрз░ ржУржХрж╛рж▓рждрж┐ ржХрз░рзЗ рждрж╛ржХ ржнржгрзНржб рж╣рж┐ржирзНржжрзБ ржмрзЛрж▓рзЗ , ",1,1
188,"ржЖрз░рзБ ржПржЯрж╛ ржзрз░рзНржоржд ржерж╛ржХрж┐ржм рж▓рж╛ржЧрж┐ржм ржмрзБрж▓рж┐ ржХрзЛржирзЗ ржХрж▓рзЗ ?? ржЖржкрзБржирж┐ ржЖрж╣рзЛржо ржирзЗржХрж┐ рждрзЗржирзНрждрзЗ ржЖржкрзБржирж┐ ржлрзБрз░рж▓рзБржВ рж╣рзЗ рж╣рж┐ржирзНржжрзБрз░ ржмрж╛ржмрзЗ ржкрз░ржЬрзАрз▒рж┐, ",1,1
189,"ржЖржкрзЛржирж╛рз░ ржорждрзЗ ржпржжрж┐ рж╣рж┐ржирзНржжрзБ ржзрз░рзНржо ржмрзЗрзЯрж╛ рждрзЗржирзНрждрзЗ рж╣рж┐ржирзНржжрзБ ржзрз░рзНржо рждрзНржпрж╛ржЧ ржХрз░ржХ ржпржжрж┐ ржЕрж▓ржк рж╢рж┐ржХрзНрж╖рж╛ ржжрзАржХрзНрж╖рж╛ ржЖржЫрзЗ ржЖржкрзЛржирж╛рз░ , ",1,1
190,рждрзЗрж╣рзЗ ржорж╛ржирж┐ржо ржкрз░рж╛ржЬрзАрз▒рзА ржирж╣рзЯ ржмрзБрж▓рж┐....,1,1
191,"ржлржЯрзЛржд ржжрзЗржЦрж╛ ржПржирзЗржмрзЛрз░ ржЖржкрзЛржирж╛рз░ ржжрз░рзЗ ржкрз░ржЬрзАрз▒рзА рж╣рж┐ржирзНржжрзБрз░ рж╕ржирзНрждрж╛ржи, ",1,1
192,ржЖржкрзЛржирж╛рз░ ржжрз░рзЗ ржмрзЛрз░рз░ рж╕ржирзНрждрж╛ржирз░ ржШрз░ржд рж╣рж┐ржирзНржжрзБрз░ рж╕ржВрж╕рзНржХрж╛рз░ ржирж╛ржЗ ,1,1
193,"ржХрж┐ржирзНрждрзБ ржжрзБрз░рзНржЧрж╛ржХ ржорж╛ржирзЗ ЁЯдг рж╣рж┐ржирзНржжрзБ рж╣рзИ fashion ржкрзВржЬрж╛ ржЪрж╛ржм ржЧрзИржЫрзЗ ржЕрж╕рзБрз░рз░ ржмржбрзА ржжрзЗржЦрж┐ржЫрзЗ ржорж╛ржХрз░ рж▓ржЧрждрзЗ рж╕ржирзНрждрж╛ржирз░ ржХрж╛ржо ржнрж╛ржм ржЬрж╛ржЧрж┐ржЫрзЗ ржЖрз░рзБ ржмрзЗржжрзАржд ржЙржарж┐ ржЕрж╕рзБрз░ржХ kiss ржХрз░рж┐ржЫрзЗ,",1,1
194," рждржерж╛ржкрж┐ржУ ржПржЗ ржорж╣рж╛ржи ржзрз░рзНржоржд ржмрж╛ржзрж╛ ржирж╛ржЗ , ",0,0
195,"ржжрзЗрз▒рждрж╛ ржЕрж╕рзБрз░ рж╕ржХрж▓рзЛржХрзЗ рж╕ржоржжрзГрж╖рзНржЯрж┐ ржХрзЗрз▒рж▓ рж╣рж┐ржирзНржжрзБ ржзрз░рзНржорждрж╣рзЗ рж╕ржорзНржнрз▒ ржмрзБржЬрж┐рж▓рзЗ, ",0,0
196,ржмрзЗржЫрж┐ ржиржХржУржБ ржпржжрж┐ рж▓рж╛ржЬ ржЪрз░ржо ржЖржЫрзЗ рж╣рж┐ржирзНржжрзБ ржзрз░рзНржо рждрзНржпрж╛ржЧ ржХрз░рж┐ ржирж╛рз░рзАрз░ ржЕржзрж┐ржХрж╛рз░ рз░ржХрзНрж╖рж╛ ржХрз░ржХ ржЖржкрзБржирж┐,1,0
197, рждрзЗрж╣рзЗ ржЧржо ржкрж╛ржо ржПржЬржирзА рж╢рж┐ржХрзНрж╖рж┐ржд ржмрж╛ржЗржжрзЗржЙрз░ рж▓ржЧржд ржкрж╛рж▓рзНрж▓рж╛ ржкрз░рж┐ржЫрж┐рж▓ ржирж╣рж▓рзЗ ржнрж╛ржмрж┐ржо ,0,0
198,"ржерж╛ржЗрж▓рзЗржгрзНржбрз░ ржЯрж╛ржЗ ржзрз░рзНржорз░ ржЖрж╣рзЛржо ржнржгрзНржб ржкрз░рж╛ржЬрзАрз▒рзА ржорзБржЦрж╛ ржкрж┐ржирзНржзрж╛ рж╣рж┐ржирзНржжрзБ рж╣рзИ ржЖржЫрзЗ ржЕрж╕ржоржд ,ЁЯЩП",1,0
199,ржЖржкрзБржирж╛рз░ ржПржЗ рж▓рж╛ржЧ ржмрж╛ржирзНржз ржирзЛрж╣рзЛрз▒рж╛ ржЕрж╕ржнрзНржп comment рждрзЛ ржпржжрж┐ screenshot ржХрз░рж┐ ржжрж┐ржУ ?,0,0
200,"ржЖржкрзБржирж┐ ржПржЗржмрж╛рз░ рждрж╛ржЗ ржзрз░рзНржпржХрзЛ insult ржХрз░рж┐ржЫрзЗ ржпржжрж┐ ржоржЗ ржЧрзЛрждрзЗржЗ ржЖрж╣рзЛржо ржЦрж┐ржирж┐ржХ ржжрзЗржЦрзЛрз▒рж╛ржУ ржЕ' ржнрж╛ржмрж┐ржЫрзЗ ржЖржкрзБржирж╛рз░ ржЪрз░ржХрж╛рз░рзЗ ржПржХрзЛ step ржирж▓рзИ ,",0,0
201,ржХрж┐ржирзНржд ржЖржкрзБржирж┐ ржмрзЗрж▓рзЗржЧ ржзрз░рзНржорз░ ржмрж┐рж╖рзЯрзЗ ржиржЬржирж╛ржХрзИ ржпрж┐ ржирж┐рж▓рж╛ржЬ pointless comment ржХрз░рж┐ ржЬрж┐ржХрж┐ржмрж▓рзИ ржЪрж╛ржЗржЫрзЗ case ,0,1
202,"ржпржжрж┐ ржжрж┐ржУ ржЖржкрзБржирж┐ ржкрзНрз░ржорж╛ржи ржХрз░рж┐ржм рж▓рж╛ржЧрж┐ржм ржЖржкрзБржирж┐ ржПржЗ ржнрзБрж▓ ржирж╛ржнрзБржд ржирж╛ржЪрзБржд ржмрзЗрж▓рзЗржЧрз░ ржзрз░рзНржорз░ ржХржерж╛ ржмрзЛрз░ ржХ'ржд ржкрж╛рж▓рзЗ,",0,1
203,"little knowledge is a dangerous thing рж╕рзЗржЗрждрзЛ ржЖржкрзБржирж╛рз░ ржХрзНрж╖рзЗрждрзНрз░ржд ржЦрж╛рждрзЗ,",1,1
204,"рждрж╛ржЗ ржмрзБрж▓рж┐ ржХрзЛржирзЛ ржзрз░рзНржо ржирж╛ржЗ ржЖржЫрзЗ ржлрзВрз░рж╛рж▓рзБржВ рж╣рзЗ,thailand рз░ ржорж╛ржирзБрж╣рзЗ Budhism рж╣рзЗ ржорж╛ржирзЗ,",1,1
205,"ржЖрж╣рзЛржо рж╕ржХрж▓ржХ ржЖржХрзНрж▓ржоржи ржХрз░рж┐ ржпрзЗ ржПржЗржмрж╛рз░ ржХрзИржЫрзЗ ржЖрж╣рзЛржо рж╕ржХрж▓ рж╣рзЗ ржлрзБрз░рж╛рж▓рзБржВ ржЖржЫрж┐рж▓ рж╕рзБржжрзБрз░ china рз░ ржкрз░рж╛ ржЕрж╣рж╛,",0,1
206,ржЖржкрзБржирзА ржПржЗржмрж╛рз░ ржнрж╛рж▓ржХрзИ ржирж╛ржЬрж╛ржирж┐ ржХрж┐рж╣рз░ рждрж╛ржЗ ржзрз░рзНржорз░ ржУржкрз░ржд ржХржерж╛ ржХрзИржЫрзЗ?,0,1
207,"ржЖрз░рзБ ржХрзЛржирзЗ рж╣рж┐ржирзНржжрзБ ржзрз░рзНржорждрзЛ A to z ржмрзЗрзЯрж╛ ржмрзБрж▓рж┐ ржХрзИржЫрзЗ,",0,1
208,"ржоржЗ ржХрзИржЫрзЛ рж╣рж┐ржирзНржжрзБ ржзрз░рзНржорждрзЛ ржЕржирзЗржХ ржмрзЗрзЯрж╛ ржжрж┐рж╢ ржЖржЫрзЗ ржмрж┐рж╖рзЗржХржХрзИ ржирж╛рз░рзАрз░ ржХрзНрж╖рзЗрждрзНрз░ржд,",1,1
209,"ржкрзНрз░рждрж┐ржмрж╛ржж ржХрз░рж╛рз░ ржХрж╛рз░ржирзЗржЗ рззрзпрзлрзлржд Hindu marriage act ржЦржи reform ржХрз░рж┐ ржорж╛рждрзНрз░ ржПржЬржирзА ржШрзИржирзА ржержХрж╛рждрзЛ ржХрз░рж┐рж▓рзЗ ржирж╣рж▓рзЗ рззрзпрзлрзл'рз░ ржЖржЧржд ржПржЬржи рж╣рж┐ржирзНржжрзБ ржкрждрж┐рзЯрзЗ рззрзжрзжрзжржЬржирзА ржЖржирж┐ржм ржкрж╛рз░рзЗ ,",0,1
210,"ржЖржЬрж┐ Raja Ram mohan roy рзЯрзЗ ржкрзНрз░рждрж┐ржмрж╛ржж ржмржирзНржз ржиржХрз░рж╛ рж╣рж▓рзЗ higher caste ржд sati dah ржкрзНрз░ржерж╛ ржерж╛ржХрж┐ ржЧ'рж▓ рж╣рзЗрждрзЗржи,",0,1
211,ржЖржкрзБржирж┐ ржЖрж▓ ржмрж╛рж▓ ржХржерж╛ ржХрзИ ржЙржкрж▓рзБржЩрж╛рз░рзЗ рж╕ржЫрж╛ ржпрзБржХрзНрз░рж┐ ржЦрж┐ржирж┐ ржУрз░рзЛрз▒рж╛ржЗ ржжрж┐ржм ржЦрзБржЬрж┐ржЫрзЗ ржкрзБрз░рзБрж╕рж╕рзБрж▓ржн ржжржоржи ржирж┐рждрж┐рз░рзЗ,1,1
212,"ржоржЗ ржжрзБрз░рзНржЧрж╛ ржжрзЗржмрзАржХ ржмрж╛ ржЖржи krishna рз░ ржмрж╛ржжрзЗ рж╕ржмржХрзЗ ржнржХрзНрждрж┐рз░рзЗ ржкрзБржЬрж╛ ржХрз░рж╛ рждрзЛ ржХ ржХрж┐ ржпрзБржХрзНрждрж┐рз░рзЗ ржПржЗржЦржи photo рз░рзЗ ржЕржкржорж╛ржи ржХрз░рж┐ржЫрзЗ,",1,1
213,ржорзЛрз░ рж▓рз░рж╛ ржЫрзЛрз▒рж╛рж▓рзА ржмрзЛрз░ рж╣рзЗржирзЛ ржПржирзЗржХрзЛрз▒рж╛ рж╣рзЯ!ржПржЗрж╖рж╛рз░ ржХржмрж▓рзИ ржоржЗ ржЕржзрж┐ржХрж╛рз░ ржХ'ржд ржкрж╛рж▓рзЗ ,0,1
214,"ржЖржЫрж▓рждрзЗ ржЖржкрзБржирж┐ рж╣рзЗ рждрзЗржирзЗржХрзБрз▒рж╛ рж╕рзЗржЗржХрж╛рз░ржирзЗ comment ржмрзЛрз░ ржЗржорж╛ржи рждрж▓ ржЦрж╛ржкрз░,",1,0
215,Iran ржд ржкрзНрз░рждрж┐ржмрж╛ржж рж╣рзИржЫрзЗ ржнрж╛рж▓ ржкрж╛ржЗржЫрзЛ ржЖржорж┐ ,0,1
216,"ржХрж┐ржирзНржд рждрж╛рждрзЛ ржзрз░рзНржорж╛ржирзНржз ржХрж┐ржЫрзБржорж╛ржирзЗ ржмрзЗрзЯрж╛ ржкрж╛ржЗржЫрзЗ,",1,1
217,рж╕ржм ржзрз░рзНржорждрзЗржЗ ржнрж╛рж▓ ржмрзЗрзЯрж╛ ржжрж┐рж╢ ржерж╛ржХрзЗ ржпрж┐рждрзЛ reform рж╣'ржм рж▓рж╛ржЧрзЗ ржЖрз░рзБ ржХрзЗрждрж┐рзЯрж╛ржУ ржорзЯрзЗржЗ right ржЖржиржмрзЛрз░ ржнрзБрж▓ ржоржирзЛржнрж╛ржм рж▓'ржм ржирж╛рж▓рж╛ржЧрзЗред,0,1
218,ржПржЗржмрж░ ржмрзЗржпрж╝рж╛ ржХржорзЗржирзНржЯ ржХрж░рж╛ ржмрж╣рзБ ржкрж╛ржк ржорж╛ ржнржирзА рж╕ржХрж▓рзЗрж░ ржЖржЫрзЗред,0,0
219,ржжрж╛ржд ржЪржлрж╛рж░ ржХрж╛рж░ржирзЗ ржХрзБрж╣рж┐рж░ ржЦрзЛржмрж╛ржирж╛ржЗ ржжрж╛рж▓рж╛рж▓рж┐ ржмрж┐ржЬрзЗржкрж┐ ржжрж▓ржХ ржнрж╛рж░рждрж░ ржкрж░рж╛ ржЪрж╛ржлрж╛ ржХрж░рж┐ ржЬржирждрж╛ржХ рж╕рзБрж╣ржЪрже рж╕ржорж╛ржЬ ржЖрж░рзЛ ржжрзЗрж╢ ржЧрзЭрж╛рж░ ржХрж╛рж░ржиржорж╛ржПред,1,0
220,ржЫржпрж╝ржЧрж╛ржБржУ ржЬрж┐рж▓рж╛ ржХрзЗрждрж┐ржпрж╝рж╛ ржШрзЛрж╖ржгрж╛ ржХрз░рж╛ рж╣рзИржЫрзЗ ржЕрж▓ржк ржЬржирж╛ржмржирзЗ?,0,1
221,ржЗржпрж╝рж╛ржд рзиржЬржирзЗ ржжрзЛрж╖рзА. ржЖржЧрждрзЗржЗ ржХрж┐рзЯ ржжрж┐ржЫрж┐рж▓ рж╕ржХрж▓рзЛ.........,0,1
222,ржЫрзЛрз▒рзАрж▓рзА ржП ржХрзЛржирж╛ржЬрж╛ржирзЗ ржЕ ржорзЛрз░ ржорзИржирж╛,1,1
223,ржЫржпрж╝ржЧрж╛ржБржУ ржЬрж┐рж▓рж╛ЁЯдгЁЯдгЁЯдг ржирж╛ржЬрж┐рз░ ржжрж╛ ржирж┐ржЙржЬ ржЯрзЛ ржХрз░рж┐ржм ржмрзБрж▓рж┐ ржЖрж╢рж╛ ржерж╛ржХрж┐рж▓?,0,1
224,"ржЖржЪрз░рж┐ржд рж╣ржмрж▓ржЧрзАржпрж╝рж╛ ржХрзЛржирзЛ ржХржерж╛ ржирж╛ржЗ,,,ржПржЗржпрж╝рж╛ ржЬрзИрз▒ ржмрж┐рз▒рз░рзНрждржи,,,,,,,",0,0
225,"ржЖржжрж┐ржорз░ ржкрз░рж╛ ржЖржзрзБржирж┐ржХрждрж╛рж▓рзИ ржХрзНрз░ржоржмрж┐рз▒рз░рзНрждржи рж╢рзЗрж╖ рж╣рзИ,,,, ржПрждрж┐ржпрж╝рж╛ ржкрзБржирз░ ржЖржзрзБржирж┐ржХрждрж╛рз░ ржкрз░рж╛ ржЖржжрж┐ржорждрж╛рж▓рзИ ржЕржЧрзНрз░рж╕рз░ ржорж╛ржирз▒ ржЬрзАрз▒ржи,,,,,,,",0,1
226,ржмрж╣рзБржд ржЧрзБрз░рзБрждрзНржмржкрзВрз░рзНржг ржмрж╛рждрз░рж┐ ржкрз░рж┐ржмрзЗрж╢ржи ржХрз░рж┐рж▓рзЗред ,0,0
227,"ржПрждрж┐рзЯрж╛ ржХрж╛ржкрзЛрз░ ржзрзЛрз▒рж╛, ржмрж┐ржЫржирж╛ ржкрз░рж╛, ржШрз░ржорзЛржЪрж╛ ржЗрждрзНржпрж╛ржжрж┐ ржмрзЛрз░ ржжрзЗржЦрж╛рж▓рзЗржУ рж╣ржмред",0,1
228,"ржЖрз░рзБ ржХрж╛рз░ ржХрж╛рз░ ржЖржЫрзЗ
ржнрж┐ржбрж┐ржЕ ржПржЗ ржЪрзЗржирзЗрж▓ржд ржкржарж╛ржм ржкрж╛рз░рзЗ ржпрж╛рз░ ржнрж┐ржбрж┐ржЕ рз░рзНрж╕ржмрзЛрждрзНрждржо рж╣ржм рждрж╛ржХрзЗ ржкрзБрз░рж╕рзНржХрж╛рз░ ржжрж┐рзЯрж╛ рж╣ржм ред",0,0
229,ржПржЗ ржорж╛рждрзНрз░ DB NEWS ржП ржЬржирж╛ржЗржЫрзЗ ред,0,0
230,ржПржЦржи ржШрз░ржд рж╕рзНржмрж╛ржорзА рж╕рзНрждрзНрз░рзА ржорж╛ржЬржд ржПржирзЗржХрзБрз▒рж╛ ржмрзБржЬрж╛ ржмрзБржЬрж┐ рж╕ржХрж▓рзЛрз▒рзЗ ржерж╛ржХрзЗ ржЖрз░рзБ ржерж╛ржХрж┐ржм рж▓рж╛ржЧрзЗ ржнрж╛рж▓ ржХржерж╛ред ,0,0
231,ржХрж┐ржирзНрждрзБ ржкрж╛ржХржШржд ржПржирзЗржХрзБрз▒рж╛ рж╕рж╛ржВржмрж╛ржжрж┐ржХ рж╕рзЛржорж╛ржмрж▓рзИ ржжрж┐ржпрж╝рж╛ рждрзЛ ржХрж┐ржирзНрждрзБ ржЧрж╛ржпрж╝рждрзНрз░рзА ржмрж╛ржЗржжрзЗржЙрз▒рзЗ ржорзБржарзЗржУ ржнрж╛рж▓ ржХрз░рж╛ ржирж╛ржЗред,0,1
232,ржмрзЗржпрж╝рж╛ ржирж╛ржкрж╛ржм ржЖржкрзЛржирж╛рз░ ржоржирзНрждржмрзНржп рж▓ржЧржд ржоржЗ ржПржХржоржд ржирж╣ржпрж╝ред,0,1
233,ржПржЗржмрзЛрз░ рж╣рзЗ ржмрж╛рждрз░рж┐ред ржПрждрж┐ржпрж╝рж╛ ржХрж╛рз░рзЛржмрж╛рз░ рж╣рж╛ржЧрж┐ ржержХрж╛рз░ ржмрж╛рждрз░рж┐ рж╣рзЗ ржжрж┐ржм ржмрж╛ржХрзА,0,0
234,ржПржХ ржмрж┐рз░рж▓ ржорж╣рж╛ржЬрж╛ржЧрждрж┐ржХ ржкрз░рж┐ржШржЯржирж╛рз░ рж╕рж╛ржХрзНрж╖рзА рж╣рж▓ рж╕ржоржЧрзНрз░ ржмрж┐рж╢рзНржм ред,0,1
235,ржХрж╛ржо ржирж╛ржЗ ржЪрзБрз▒рж╛ржЫрзЗрж▓рзЗржХрж╛рз░ ржЬрж╛ржд ред,1,0
236,ржЖржорж╛рз░ ржкрж┐ржирзЗ ржЖрз░рзБ ржорж╛ржЗржХрзАржХ ржЗржорж╛ржи ржорз░ржо ржХрз░рж┐рж▓рзЗ рждрж┐рз░рж┐рз░ ржзрзИржЙржХрзБрз░рж╛ ржмрзБрж▓рж┐ ржХрзЯ ржПред,1,0
237,рж╕рзИржЗ ржнрзЯржд рж╣рзЗ ржЖржорж┐ рз░рзБрждрж┐ рж╕рзЗржХрж┐ ржирж┐ржжрж┐ржУред,0,0
238,"ржЖржЧрждрзЗржЗ ржнрж╛рж▓ ржЖржЫрж┐рж▓,",0,0
239," рзирзпрзп ржЯржХрж╛ржд ржЧрзЛржЯрзЗржЗ ржорж╛рж╣ржЯрзЛрз░ ржмрж╛ржмрзЗ рзи ржЬрж┐ржмрж┐ ржЗржирзНржЯрж╛рз░ржирзЗржЯ ржкрж╛ржЗржЫрж┐рж▓,",0,0
240, ржЧрждрж┐ржХрзЗ ржорж╛ржирзБрж╣рзЗ ржЕрждрзНржпрж╛рз▒рж╢рзНржпржХрзАрзЯ ржХрж╛ржорждрж╣рзЗ ржирзЗржЯ ржмрзНржпрз▒рж╣рж╛рз░ ржХрз░рж┐ржЫрж┐рж▓ред ,0,1
241,"ржПрждрж┐рзЯрж╛ рзирзпрзп ржЯржХрж╛ржд рж╕ржжрж╛рзЯ рзи ржЬрж┐ржмрж┐ ржирзЗржЯ ржкрж╛ржЗржЫрзЗ рз░рж╛ржЗржЬрзЗ,",0,1
242, ржЖрз░рзБ ржХрж┐ рж▓рж╛ржЧрзЗ? ржПржирзЗржзрз░ржирз░ ржЕржжрз░рзНржХрж╛рз░рзА ржкрзЛрж╖рзНржЯржмрзЛрз░ ржЪрж╛ржЗ рж╕ржорзЯ ржкрж╛рз░ ржХрз░рж┐ ржЖржЫрзЛ ржЖржорж┐ред,0,1
243,ржмрж╛ржЗржжрзЗржЙ рз░ ржЕрж╕ржмрж┐ржзрж╛ рж╣рзИ ржЖржЫрзЗ рж╕рзЗржЗ ржХрж╛рз░ржирзЗ ржкрз▒рж┐рждрзНрз░ ржжрж╛рз░ рз░рзБржЯрж┐ ржмржирж╛ржм рж▓ржЧрзАржпрж╝рж╛ рж╣рзИржЫрж┐рж▓ ржЖржорж┐ржУ рждрзЗржирзЗржХрзИ рж╕рзЛрж╣рж╛ржЗ ржХрзЛ рз░рзЛ,0,1
244,ржжрж╛ржжрж╛ред рж╣рзЯред ржжрзЗржЗред ржЖржЬрж┐ редржХрж╛рж▓рж┐ред ржЪрз░ржХрж╛рз░рзА редрж▓рж┐ржЪрждрждред ржиржержХрж╛ред ржмрзЛрз░ржХред ржПржХрзЗржмрж╛рз░рзЗред ржкрзЗрж▓рж╛ржЗред ржжрж┐рзЯрзЗред,0,0
245,ржпрж┐ржорж╛ржирзЗржЗ ржЯрзЗрж╖рзНржЯрж┐ ржирж╣ржУржХ рз░рзБржЯрж┐ ржЦржи рж╕рзНржмрж╛ржнрж╛ржмрж┐ржХ ржЖржХрж╛рз░рз░ ржирж╣рж▓рзЗ ржХрж┐ржмрж╛ ржПржЯрж╛ ржнрж╛рж▓ ржирж╛рж▓рж╛ржЧрзЗЁЯШК ,0,1
246,ржЯржХрж╛ ржкрж╛рж▓рзЗ рж▓рзЗржЯрзНрз░рж┐ржирждрзЛ ржХрзЗржорзЗрз░рж╛ ржлрж┐ржЯрж┐ржВ ржХрз░рж┐ ржержм ржЗрж╣ржБрждрзЗрз╖,1,0
247,"ржбрж╛ржЩрз░ ржорж╛ржирзБрж╣рз░ ржЪрз░рзНржжрж┐ ржХрж╛рж╣ рж╣'рж▓рзЗ ржХрзЗржирзЗ ржжрзЗржЦрж┐ ржПржмрж╛рз░ ржмрж╛рждрз░рж┐ржд ржжрзЗржЦрж╛ржмржЪрзЛржи, ржЖржЧрждрзЗ ржХрзЛржирзЗржУ ржжрзЗржЦрзБржУрз▒рж╛ ржирж╛ржЗред",0,1
248,ржлрж┐ржЯрж┐ржВ ржХрз░рж┐ рже'ржм ржирзЗрж▓рж╛ржЧрзЗ ржХрзЗржорзЗрз░рж╛ рж▓рзИ ржерж┐рзЯ рж╣рзИ ржерж╛ржХрж┐ржм,0,0
249,ржЕрже ржирзЛрж╣рзЛрз▒рж╛ ржХржерж╛ ржХрзИ ржирж┐ржЬржХрзЗ ржХрж┐ржпрж╝ рж╣рж╛рж╣рж┐ржпрж╝рж┐ржд ржкрзНрз░рж╛ржд рж╣'ржм ржЧрзИ ржЖржЫрзЗ?,0,0
250,"рз░рж╛ржЗржЬржХ ржПржЗржмрзЛрз░ ржжрзЗржЦрзБрз▒рж╛ржмрз░ ржмрж╛ржмрзЗ ржЖржкрзЛржирж╛ржХ рж╕рж╛ржВрж╕ржж ржХрз░рж┐ ржкржарж┐рзЯрж╛ржЗржЫрзЗ, ржЖржЧрж▓рзИржУ ржжрзЗржЦрзБрз▒рж╛ржЗ ржерж╛ржХрж┐ржм",0,1
251,ржерж┐ржХ ржХржерж╛ ржХрзИржЫрж╛ рж▓рж╣ржХрз░ ржПржЗ ржмрж┐рж▓рж╛ржХ рж╣рзИржЫрзЗ ржЖржорж╛рз░ ржирзЗрждрж╛ ЁЯШВЁЯШВЁЯШВЁЯШВ ,0,1
252,ржирж┐ржЬрз░ ржкрж╛ржХржШрз░рз░ ржХржерж╛ dekhowat koi ржжрзЗрж╢рз░ ржХрж╛рз░ржгрзЗ ржХрж┐ ржХрз░рж┐ржЫрзЗ рж╕рзЗржЗржЯрзЛ ржжрзЗржЦрзЛрз▒рж╛ рж╣рж▓рзЗ ржнрж╛рж▓ рж▓рж╛ржЧрж┐рж▓ рж╣рзЯ,0,0
253,ржЕржжрз░ржХрж╛рз░рзА ржЖржорж╛рз░ ржмрж╛ржмрзЗ ред,0,0
254,"ржЖржорж╛рз░ ржкрж╛ржХржШрз░рж▓рзИ ржЖрж╣рж┐ржм ржЪрзЛржи ржХрзЗрждрж┐рзЯрж╛ржмрж╛ ржирж┐ржЙржЬ ржХрз░рж┐ржмрж▓рзИ , ",0,0
255,"рз░рж╛рждрж┐ ржпрзЗрждрж┐рзЯрж╛ ржХрж╛рз░рзЗржгрзНржЯ ржирж╛ржерж╛ржХрзЗ рждрзЗрждрж┐рзЯрж╛ ржЖржорж┐ ржЬрзЛржирз░ ржкрзЛрж╣рз░ржд ржХрзЗржирзЗржХрзИ ржорж╛ржЫ , ржорж╛ржВрж╕ рз░рж╛ржирзНржзрж┐ ржЦрж╛ржУржБтАМ ред",0,0
256,ржХрзЗржирзЗржХрзИ рж╢рзБрз▒рзЗ рж╕рзЗржЗржЯрзЛржУ ржжрзЗржЦрзБржУрз▒рж╛ ржоржЗ ржмрж┐ржжрзНржпрж╛ ржжрзЗржЦрж╛ ржирж╛ржЗ ржжрж╛ржорж┐ ржорж╛ржирзБрж╣рзЗ ржХрзЗржирзЗржХрзИ рж╢рзБрз▒рзЗ,1,0
257,ржЬрж╣ржирзНржирж╛ржорзЗ ржЧрзИржЫрзЗ рж╕рж╛ржВржмрж╛ржжрж┐ржХрждрж╛ред,1,1
258,рждрж╣рждрзЗ рж╕рж╛ржВржмрж╛ржжрж┐ржХрждрж╛рз░ ржкрж╛ржарзНржпржХрзНрз░ржо ржкржврж╝рж┐ рж╕рж╛ржВржмрж╛ржжрж┐ржХрждрж╛ ржХрз░рж╛ ржирж╛ржЗ ржмрж╛ржмрзЗржЗ ржПржЗржмрзЛрз░ рж╕рж╖рзНржЯрзАрзЯрж╛ ржмрж╛рждрз░рж┐ ржкрз░рж┐ржмрзЗрж╢ржи ржХрз░рж┐ржм рж▓ржЧрж╛ рж╣рзИржЫрзЗред,1,0
259,"ржмржирж╛ржЗ ржЦрж╛рзЯ ржмрзИ рждрзЗржУржБ рж▓рзЗрждрзНрз░рж┐ржи ржХрз░рж┐ржмржУ ржпрж╛ржм, ржкрж╛рз░рж┐рж▓рзЗ рж╕рзЗржЗ ржмрж╛рждрз░рж┐ржЯрзЛржУ ржкрзНрз░ржЪрж╛рз░ ржХрз░рж┐ ржЖржорж╛ржХ ржжрзЗржЦрзБрз▒рж╛ржмрж▓рзИ ржЕржирзБрз░рзЛржз ржЬржирж╛рж▓рзЛржБ тШ║я╕ПЁЯЩПЁЯЩП",0,0
260,ржнрж╛ржЧрзНржп ржнрж╛рж▓ рж▓рзЗржЯрзНрз░рж┐ржиржд ржХрзЗржирзЗржХрзИ ржмрж╣рзЗ рждрж╛ржХ ржпрзЗ ржирзЗржжрзЗржЦрзЛрз▒рж╛рж▓рзЗред ржХрзГрж╖рзНржгредред,0,0
261,"ржорж╛ржБ-рж▓ржХрзНрж╖рзНржорзАрз░ рж╢ржкржд,ржПржЗ ржорж╛рждрзНрж░ рждрж╛ржХрзЗ рж╣рзЗ ржнрж╛ржмрж┐ржЫрж┐рж▓рзЛ ржоржЗ ЁЯЩПЁЯдгЁЯдгЁЯдг",0,0
262,ржорж┐ржЯрж┐ржЩрз░ ржкрз░рж╛ ржЖрж╣рж┐ ржмрзЛрж▓рзЗ ржмрж╛рж╣рж┐рз░рзЗ ржмрж╛рж╣рж┐рз░рзЗ рж▓рзЗржЯрзНрз░рж┐ржиржд ржХрзЗржирзЗржХрзИ рж╕рзЛржорж╛рж▓ ржЪрж╛ржУ ржЖрж╣ржХЁЯдгЁЯдгЁЯдг,0,1
263,"ржЗржпрж╝рж╛рз░ ржкрз░рж╛ ржмрж┐рж╢рзЗрж╖ ржЕржнрж┐ржЬрзНржЮрждрж╛ рж╣'ржм ржмрзБрж▓рж┐ ржоржЗ ржирж╛ржнрж╛рз▒рзЛ
ржорзВрж▓рзНржпрж╣рзАржи ржнрж┐ржбрж┐ржЕ' ржжрж┐ржпрж╝рж╛ рз░ ржЖржЧржд ржЕрж▓ржк ржнрж╛рз▒рж┐ржм рж▓рж╛ржЧрзЗ , ",0,0
264,ржЕржХрж▓ ржкржмрж┐рждрзНрз░ ржорж╛рз░рзНржШрзЗрз░рж┐ржЯрж╛ ржбрж╛ржЩрз░рзАржпрж╝рж╛ржЗ ржнрж╛ржд ржЪрж╛рж╣ ржмржирж╛ржЗ ржирзБржЦрзЛрз▒рж╛ржЗ ржШрзИржгрзАржпрж╝рзЗржХржХ ржкрзНрз░рж╛ржпрж╝ржнрж╛ржЧ ржкрзБрз░рзБрж╖рзЗ ржШрзИржгрзАржпрж╝рзЗржХрз░ ржкрж╛ржЧржШрз░рз░ рж▓ржЧрждрзЗ ржмрж╛рж╣рж┐рз░рж╛ ржХрж╛ржорждрзЛ рж╕рж╣рж╛ржпрж╝ ржХрз░рж┐ ржжрж┐ржпрж╝рзЗред,0,0
265,"ржирж┐ржЬрз░ ржкрж╛ржХржШрз░ржд рж╕ржХрж▓рзЛрз▒рзЗржЗ ржХрж┐ржмрж╛ ржирж╣ржпрж╝ ржХрж┐ржмрж╛ ржХрз░рзЗржЗ, ржХрж┐ржирзНрждрзБ ржХрзЗржорзЗрз░рж╛ рж▓рзИ ржХрж╛ржо ржХрз░рж╛ржЯрзЛрж╣рзЗ рж╣рж╕рзНржпржХрз░редред",0,1
266,рж╕рзЗржЗ рж╕рж╛ржВржШрж╛рждрж┐ржХ ржЬржи ржХрзЛржи ржпрзЛржирзЗ ржкрж╛ржХржШрз░ржд ржнрж╛ржд ржмржирж╛ржЗржЫрзЗ ржирзЗ ржирж┐ржЬрз░ ржорз░ржорз░ ржорж╛ржирзБрж╣ржЬржирзАржХ ржЕржХржиржорж╛ржи ржХрж╛ржоржд рж╕рж╣рж╛рзЯ ржХрз░рж┐ржЫрзЗ ржЦржмрз░ рз░рж╛ржЦрзЗред,0,0
267,ржорзЛрз░ ржнрж╛рж╖рж╛ржд ржХржмрж▓рзИ ржЧрж▓рзЗ рж╕рзЗржЗржЬржи ржПржЬржи ржЪрзБрз▒рж╛ ржЦрзЛрз▒рж╛ рж╕рж╛ржВржШрж╛рждрж┐ржХред,1,1
268,"ржПржЗржмрзЛрз░ ржнрж┐ржбрж┐ржЕтАЩ ржЕржХрж▓ ржорзЛрз░ ржотАЩржмрж╛ржЗрж▓рждрзЗ ржЖрж╣рзЗржирзЗ,ржирзЗ ржЖржи ржХрж╛рз░рзЛржмрж╛рз░ ржотАЩржмрж╛ржЗрж▓ржЯрзЛ ржЖрж╣рзЗ ? ",0,0
269,ржЪрж┐ржирзНрждрж╛ ржХрз░рж┐ ржХрз░рж┐ ржорзБрз░ ржШрзБрз░рж╛ржЗ ржЧрзИржЫрзЗред,0,0
270,ржХрж╛ржкрзЛрз░ ржзрзЛрз▒рж╛ ржмрж╛рждрз░рж┐ржЯрзЛ ржХрзЗрждрж┐ржпрж╝рж╛ ржжрж┐ржм ржмрж╛рз░рзБ рж╕рж╛ржВржмрж╛ржжрж┐ржХ ржбрж╛ржЩрз░рзАржпрж╝рж╛ ред,0,1
271,ржмрзЗржбрз░рзВржоржд ржХрзЗрждрж┐рзЯрж╛ рж╕рзЛржорж╛ржЗ рждрж╛рз░ рж▓рж╛ржЗржн рж▓рж╛ржЧрж┐ржм ржХрж┐ржирзНрждрзБ ржЖржорж╛ржХ!!ЁЯШБЁЯШБЁЯШБ,1,0
272,ржХрж╛рз░рзЛржмрж╛рз░ ржкрж╛ржЧржШрз░ржд ржирж┐ржЙржЬ ржмрж┐ржЪрж╛рз░рж┐ ржерж╛ржХрж╛ ржирзЗржХрж┐ ЁЯдФ,0,0
273,ржПржЗ ржЪрзЗржирзЗрж▓рз░ ржпрж┐ржЬржирзЗ ржнрж┐ржбрж┐ржЕ ржХрз░рж┐ржЫрзЗ рж╕рж┐ ржЪржЧрзЗ ржорж╛ржШрзЗрз░рж┐ржЯрж╛ ржШрз░ржд ржмрж╛ржЪржи ржзрзЛрз▒рж╛рз░ ржХрж╛ржо ржХрз░рзЗред,0,0
274,"ржЕрж╕рзБржмрж┐ржзрж╛ рж╣'рж▓рзЗ ржЖржорж┐ржУ ржнрж╛ржд ржмржирж╛ржУ , ",0,1
275,"рз░рж╛ржЗржЬрзЗ ржПржирзЗржпрж╝рзЛ ржЬрж╛ржирзЗ ,ржЧрж╛рз▒рз░ ржнрзЛржЬ ржмрзЛрз░рзЛ ржмржирж╛ржУ ред",0,0
276,ржЧрж╛рзЯрждрзНрз░рзА ржмрж╛ржЗржжрзЗржЙржХ рз░рж╛ржЬржирзАрждрж┐ржд ржирж╛ржирж┐ржм ржЖрз░рзБ ржХрзЛржирзЛ ржмржЯрж╛ ржмрж╛рж╣ржирзЛ ржирж┐ржжрж┐ржм рз╖ ,0,0
277,Simple рж╣рзИ ржерж╛ржХрж┐ржм ржжрж┐рзЯржХ рз╖ ржнрж╛рж▓ ржкрж╛ржм ржорж╛ржирзБрж╣рзЗ рз╖ ,0,0
278,ржирж╣рж▓рзЗ ржХрж┐ржЫрзБржорж╛ржи ржЕржнрж┐ржирзЗрждрзНрз░рзАржХ ржЖржЬрж┐ржХрж╛рж▓рж┐ ржмрж╣рзБ ржмрзЗрзЯрж╛ ржЯрзНрз░рзЛрж▓ ржХрз░рж┐ ржЖржЫрзЗ рз░рж╛ржЗржЬрзЗ рз╖,0,0
279,"ржПржЗржЯрзЛ ржЖржХрзЛ ржХрж┐ ржбрж╛ржЩрз░ ржХржерж╛ рж╣рж▓ ,",0,0
280,ржЖржорж╛рз░ ржПржЦрзЗржд ржЪрзБржЯрж┐ ржЖрж╣рж┐рж▓рзЗ ржкрж╛ржХржШрз░ ржкрз░рж╛ ржУрж▓рж╛ржмрж▓рзИ ржирж┐ржмрж┐ржЪрж╛рз░рзЗ ржХрзЗрждрж┐ржпрж╝рж╛ржмрж╛ ржЖржорж╛рз░ ржкрж┐ржирзЗржУ ржЖрж╣рж┐ржм рж╕рж╛ржВржмрж╛ржжрж┐ржХ ржжрж╛ржжрж╛ ЁЯШВЁЯШВ,0,0
281,ржжрзБржжрж┐ржирз░ ржкрж┐ржЫржд рзиржЗржи ржмрзЗржмрж┐ ржкрж╛ржХ ржШрз░ржд рж╕рзЛржорж╛ржм ржПржЗржЯрзЛ ржирж┐ржЙржЬ ржЖржЬрж┐рж╣рзЗ ржкрж╛рж▓рзЗЁЯША,0,0
282,"ржХрж╛ржЗрж▓рзИ ржоржЗ рз░рж╛рждрж┐ржкрзБрз▒рж╛ рзм ржЯрж╛ ржмржЬрж╛ржд рж╣рж╛ржЧрж┐ржмрж▓рзИ ржпрж╛ржо,",0,0
283, ржЧрждрж┐ржХрзЗ рж╕рж╛ржВржШрж╛ржЯрж┐ржХ ржорж╣рзЛржжрзЯржХ ржкрзБрз▒рж╛ рзл.рзлрзж ржмржЬрж╛ржд рж╢рзМржЪрж╛рж▓рзЯрз░ ржирж┐ржЪрзЗржЗ ржХрж╛рж╖рждрзЗ рз░рзИ ржерж╛ржХрж┐ржмрж▓рзИ ржЕржирзБрз░рзЛржз ржЬржирж╛рж▓рзЛржБред,0,0
284,ржорж╛ржЙржирзНржЯ ржПржнрж╛рз░рзЗрж╖рзНржЯ рж╢рзГржЩрзНржЧ ржмржЧрзЛрз▒рж╛ ржирж╛ржЗ рз╖ ,0,0
285,ржкржерж╛рз░ржд ржиржорж╛ржЗ ржЪрзЛрз▒рж╛ рж╣рж╛рж▓ ржмрж╛ржм ржЬрж╛ржирзЗржирзЗ ржирж╛ржЬрж╛ржирзЗ рз╖ ,0,0
286,ржирж╛ржЬрж╛ржирж┐рж▓рзЗ ржоржЗ рж╢рж┐ржХрж╛ржЗ ржжрж┐ржо ,0,0
287,ржкрз▒рж┐рждрзНрз░ ржорж╛рз░рзНржШрзЗрз░рж┐ржЯрж╛ ржЖрз░рзБ ржЧрж╛ржпрж╝рж┐рждрзНрз░рзА ржорж╣ржирзНрждржЗ тАМтАМрз░рзБтАМржЯрж┐ ржЦрж╛ржЗ ржХрж╛ржЗрж▓рзИ ржХрзЗржирзЗржХрзБрз▒рж╛ рж╣рж╛ржЧрж┐ржм рж╕рзЗржЗржЯрзЛ ржирж┐ржЙржЬ ржУ ржжрж┐ ржжрж┐ржм ржжрзЗржЗред,0,0
288,"ржХрж┐ ржбрж╛ржЩрз░ ржХржерж╛ рж╕ржВрж╕рж╛рз░ ржкрж╛рждрж┐рж▓рзЗ ржкрзЛрз▒рж╛рж▓рзА ржкрзЛржХрз░ржУ ржзрзБрз▒рж╛ржмржУ рж▓рж╛ржЧрж┐ржм, рз░рзБржЯрж┐ рж╣рзЗ",0,0
289,ржЪрзЗржирзЗрж▓ ржмрзЛрз░рз░ ржХрж╛ржо ржирзЛрж╣рзЛрз▒рж╛ рж╣рзИржЫрзЗ ржЖрз░рзБред ,0,0
290,ржХрж┐ ржирж┐ржЙржЬ ржХрз░рж┐ржм рждрж╛рз░ ржХрзЛржирзЛ ржарж┐ржХржирж╛ ржирж╛ржЗред,0,0
291,ржЪрж╛рж▓ржХ ржЬржирзЗ ржирж┐ржЬрз░ ржЗржЪрзНржЫрж╛рз░рзЗ ржЦрзБржирзНржжрж┐рзЯрж╛ржо ржмрзБрж▓рж┐ ржХрз░рж╛ ржирж╛ржЗред ,0,0
292,ржЧрж╛рзЬрзАржд ржЧрзЬрз░рж╣рзЗ ржЖржХрзНрз░ржоржг ржХрз░рж┐ржЫрзЗред,0,0
293,ржбрзНрз░рж╛ржЗржнрж╛рз░ ржЯрзЛрз▒рзЗ ржзрз░рж┐ржмрзИ ржирзЛрз▒рж╛рз░рж┐рж▓рзЗ ржЧрзЬ ржЯрзЛ ржЕржХрж╖рзНржорждрзЗ ржЧрж╛рзЬрж┐ ржЦржирз░ ржЖржЧржд ржУрж▓рж╛ржЗржЫрзЗ,0,0
294,ржХрж┐ ржжрзЗржЦрж╛ржм ржмрж┐ржЪрж╛рз░рж┐ржЫрзЗ ржмрж╛ ржоржЗ ржЪрзЛржи ржмрзЗрж▓рзЗржЧ рж╣рзЗ ржжрзЗржЦрж┐ржЫрзЛржБредЁЯЩД,0,0
295,ржпрж┐рж╣рзЗ ржкрзЗржирзНржЯ ржкрж┐ржирзНржзрж┐ржЫрзЗ ржмрж▓ржЯрзЛ ржорж╛ржЬржнрж╛ржЧржд рж▓рж╛ржЧрж┐ ржЧ'рж▓рзЗ ржмрж┐рз░рж╛ржЯ ржХрзЛрж╣рж▓рж┐ рж╣рзЛрз▒рж╛ ржУрж▓рж╛ржЗ ржпрж╛ржмредЁЯШВ,1,0
296,ржЖржорж╛рз░ ржЧрж╛ржБрз▒рз░ ржжрзБржЯрж╛ржорж╛ржи рж╢рж┐ржЩрж┐ ржорж╛ржЫ ржжрзБржпрж╝рзЛржЯрж╛ ржЯрж┐ржХрж╛ржд рж▓ржЧрж╛ржЗ ржжрж┐рж▓рзЗржЗ ржнрж╛рз░рждрзАржпрж╝ ржорж╣рж┐рж▓рж╛ ржжрж▓рз░ ржЕржзрж┐ржирж╛ржпрж╝рж┐ржХрж╛ рж╣'ржмред,1,0
297,"ржирж╛ржЯржХ ржПржЦржи рж▓рж┐ржЦрж┐ржмрж▓рзИ ржоржи ржпрж╛ржпрж╝,,,,"",ржЙрж▓ржЩрзНржЧ ржорзБржирж┐рз░ ржмрж╕рзНрждрзНрз░ рж╣рз░ржг "" ред ржнрж╛рж▓ рж╣ржмржирзЗ?",1,0
298,ржорзЛрз░ ржПржЯрж╛ рж▓рзЛ ржлрзБрж▓ржЯрзЛржЪ ржмрж▓ ржжрж┐ржм ржоржи ржЖржЫрж┐рж▓......,0,0
299,ржорж╛ржЗржХрзАрз░ ржорзЗржЦрзЗрж▓рж╛ ржкрж┐ржирзНржзрж╛ рж╕рж╛ржВржмрж╛ржжрж┐ржХ ржмрзЛрз░рзЗ ржПржирзЗржХрзБрз▒рж╛ ржмрж╛рждрз░рж┐ ржмрж┐ржЪрж╛рз░рж┐ ржлрзБрз░рзЗ,1,0
300,ржоржжрж╛рж╣рзА ржЪрж╛ржВржмрж╛ржжрж┐ржХрзЗ ржПржирзЗржХрзБрз▒рж╛ ржзрз░ржирз░ ржирж┐ржЙржЬ ржмрж┐ржЪрж╛рз░рж┐ ржкрж╛рзЯрее,1,0
301,ржмрзЗржХ ржЪрж╛ржЗржб ржЯрзЗржорзНржмрж╛ ржмрж╛ржнрзБржорж╛ рж╣рж╛ржи ржкрж╛ржЗ,1,1
302,ржЬрж╛рж╣рзНржирз▒рзА ржХрж╛ржкрзБрз░ ржХрж┐ ржЗржорж╛ржи ржорж╣рж╛ржи ржорж╣рж┐рж▓рж╛ ржпрзЗ рждрж╛ржЗ ржХрзНрз░рж┐ржХрзЗржЯ ржЦрзЗрж▓рж┐ ржержХрж╛рждрзЛ рждрж╣ржБрждрзЗ ржжрзЗржЦрзБрз▒рж╛ржм рж▓рж╛ржЧрзЗрз╖,0,0
303,ржирж┐рж▓рж╛ржЬ ржЪрж╛ржВржмрж╛ржжрж┐ржХ! ржПржЗ ржХржерж╛ ржХтАЩржмрж▓рзИ ржкржЗржЪрж╛ ржЦрз░ржЫ ржХрз░рж┐рж▓рзЛрз╖,0,1
304,ржкрж┐ржЫрзЗ ржорж╣рж╛ржорж╛ржирзНржп рж╕рж╛ржВржмрж╛ржжрж┐ржХ рж╕ржХрж▓рзЗ ржХрж┐ржмрж╛ ржПржЯрж╛ ржХрз░рж┐ ржирж╛ржХрзА рж▓ржЧрж╛ржУржХ ржПржЗржмрзЛрз░ржХрз╖,0,1
305,рждржкрж┐рж▓рж╛ ржХрж┐ржирзНрждрзБ ржЪрж╛ржм рж▓ржЧрж╛ ржорзЛрз░ ржЪржХрзБ рждрж╛рждрзЗ ржЧрзИржЫрзЗ,1,1
306,ржпрж┐ржпрж╝рзЗ ржиржХрз░ржХ рждрж╣рждрз░ ржХрж┐ ржЕрж╕рзБржмрж┐ржзрж╛ рж╣рзИржЫрзЗ ржмрж╛рз░рзБ,0,1
307,ржмрз░ рж▓рж╛ржЬрз░ ржмрж┐рж╖рзЯ ржЗржорж╛ржи ржЪрзБржЯрж┐ ржкрзЗржи ...ржоржЗ ржмрж▓рж┐ржВ ржХрз░рж╛ржЬржи рж╣рзЛрз▒рж╛ рж╣рж▓рзЗ ржнрж╛рж▓ рж▓рж╛ржЧрж┐рж▓рзЗ рж╣рзЗржБрждрзЗржи ЁЯСЕЁЯСЕ,1,1
308,ржиржирзНржжрзА рждрзЗржУржБрж▓рзЛржХрз░ ржЙржкрж╛ржзрж┐рж╣рзЗ ред ржЖржиржЧрз░рж╛ржХрзАрз░ ржирж╛ржо ржмрзЗрж▓рзЗржЧред,0,0
309,"рж╣рж╛ржГрж╣рж╛ржГ тАж ржЖржирзНржЯрзНрз░рж╛ ржирж╣рзЯ ржЕ' ржЕржирзНрждрз░рж╛ ,",0,0
310,рж╕рзНржкрзЗржЗржирз░ ржорж╛ржирзБрж╣рзЗ ржЧржо ржкрзЛрз▒рж╛ ржирж╛ржЗ ржмрзЛржзрзЯред ,0,0
311,ржЖржорж╛рз░ ржкрзЛрз░рзНржЯрзЗрж▓ржХрзЗржЗржЯрж╛рз░ ржХрзГржкрж╛ржд ржЕрж╕ржоржмрж╛рж╕рзАрзЯрзЗ ржнрж╛рж▓ ржЦржмрз░ржЯрзЛ ржкрж╛рж▓рзЛрз▒рзЗржЗред,0,0
312,ржЖрз░рзБ рждрж╣ржБрждрзЗ ржХрж┐ржмрж╛ ржЦрж╛ржмрж▓рзИ ржирж╛ржпрж╛рз▒ ржирзЗржХрж┐ рж╣рж╛ЁЯЩДЁЯЩД,0,1
313,"ржХрж┐ржмрж╛ ржнрж╛рж▓ рж▓ржЧрж╛ ржирж╛ржЗ ,, рз░рж┐ржд рз░рж┐ржмрж╛рз░ ржХржгрзНржа ржЖрз░рзБ ржлрж┐рж▓рж┐ржВржЪ ржЯрзЛ ржкрзЛрз▒рж╛ ржирж╛ржЗ ржЗржпрж╝рж╛ржд",0,1
314,рз░рж┐ржЯрзЛ рз░рж┐ржмрж╛рз░ ржирж┐ржЪрж┐ржирж╛ рж╣'ржмрзИ ржирзЛрз▒рж╛рз░рзЗ.....!!,0,0
315,ржЕржкрзВрз░рзНржм рж╕рзБржирзНржжрз░,0,0
316,рж╕рзБржирзНржжрз░ ! ржмрж╣рзБрждрзЛ рждржерж╛ржХржерж┐ржд ржЬржиржкрзНрз░рж┐рзЯ ржЧрж╛рзЯржХрждржХрзИ ржнрж╛рж▓ ржЧрж╛ржЗржЫрзЗред ,0,0
317,ржХржгрзНржа рж╕рзБржирзНржжрз░ред ржорж╛ржерзЛржБ ржПржЦрзЗрждрж╕ржХрж▓ржХ рждржерж╛ржХржерж┐ржд ржкрзНрз░ржЪрж╛рз░ ржорж╛ржзрзНржпржо рж╕ржорзВрж╣рзЗ ржЖржЧржмрзЭрж╛ржд рж╕рж╣рж╛рзЯ ржиржХрз░рзЗред,0,0
318,ржмрз░ рж╕рзБржирзНржжрз░ржХрзИ ржЧрж╛ржЗржЪрж╛ред ржнрж╛рж▓ рж▓рж╛ржЧрж┐рж▓ред,0,0
319,ржжрзБржпрж╝рзЛржЯрж╛рз░рзЗ ржХржгрзНржа ржмрз░ рж╕рзБржирзНржжрз░ред ржЖржЧрзБрз▒рж╛ржЗ ржпрзЛрз▒рж╛ред,0,0
320,ржЧрзБрз░рзБ ржЖрз░рзБ рж╢рж┐рж╖рзНржпред рж╕рзБржирзНржжрз░ ржЧрж╛рзЯржХрзАред ,0,0
321,"ржкрж┐ржЫрзЗ ""рж╣рж╛ржБрж╣рж┐ржд"" ""ржд""ржЯрзЛ ржкрж┐ржЫржд ""ржЗржд"" рж╣рзИ ржЙрж▓рж╛ржЗржЫрзЗред",0,0
322, ржарж┐ржХ ржХрз░рж┐ржм ржкрж┐ржЫрж▓рзИред рж╢рзБржнрзЗржЪрзНржЫрж╛ ржерж╛ржХрж┐рж▓ред,0,0
323,рж╕рзБржирзНржжрз░ ржХржирзНржа ржжрзБржпрж╝рзЛрз░рзЗ ржнрж╛рж▓ рж▓рж╛ржЧрж┐рж▓ рж╢рзБржирж┐,0,0
324,ржЧрз░рзБ ржорж╛ржВрж╕ рж▓рж╛ржЧрж┐ржм ржирзЗржХрж┐ ржмрзБрж▓рж┐ рж╕рзБржзрж┐рж▓рзЗ ред ЁЯШБЁЯШБЁЯШБЁЯШБ,1,1
325,ржХрж╛ржирзЗ ржХрж╛ржирзЗ ржХрж┐ ржХрж▓рзЗ ржХржЗржЫрзЗ ржмрз░рж╛ ржЖржи ржзрз░рзНржоржХ ржЧрж╛рж▓рж┐ ржкрж╛рз░рж┐ржм ржирж╛ржкрж╛ржЗ ржЕрж▓ржк ржнрж╛рж▓ рж╣ржмрж▓рзИ рж╢рж┐ржХрж╛,0,1
326,ржорзБржЫрж▓ржорж╛ржи ржпрзБржмржХрзЗ ржХрж╛ржирзЗ ржХрж╛ржирзЗ ржХрзИржЫрзЗ ржпрзЗ ржнрж╛рж▓ржжрз░рзЗ ржХрзЗржЗржжрж┐ржи ржорж╛ржи ржЬрзАрзЯрж╛ржЗ ржерж╛ржХрж┐ржм ржмрж┐ржЪрж╛рз░рж┐рж▓рзЗ ржЗржЫрж▓рж╛ржо ржмрж┐рз░рж╛рзЗржзрзА ржХржерж╛ ржмржирзНржз ржХрз░...,1,1
327,рж╣рж┐ржирзНржжрзБ рж▓рз░рж╛ ржжрзБржЬржи ржЫржжрзНржоржмрзЗрж╢рзА ржорзБржЫрж▓ржорж╛ржи рж▓рж░рж╛ ржжрзБржЬржи рж╣ржм ржкрж╛рз░рзЗ рз╖,0,1
328,ржорзБржЫрж▓ржорж╛ржирз░ рж╕ржорж╛ржЬрз░ ржХржерж╛ ржирж┐ржЬрз░ ржзрз░рзНржорз░ ржХржерж╛ ржЪрж┐ржирзНрждрж╛ ржХрз░рж╛ ржжрж┐рж▓рзНрж▓рзАржд ржЕржирзБрж╖рзНржарж┐ржд рж╕ржнрж╛ржд ржПржХрзЗ рж▓ржЧрзЗ рззрзж рж╣рзЗржЬрж╛рз░ ржорж╛ржирзБрж╣рзЗ рж╣рж┐ржирзНржжрзБ ржзрз░рзНржо ржПрз░рж┐рж▓рзЗ ,1,1
329,ржЖрз░рзБ ржЦрзНрз░рзАрж╖рзНржЯрж╛ржи ржзрз░рзНржо ржЧрзНрз░рж╣ржг ржХрз░рж┐рж▓рзЗ ржЕрж╕рждрзНржп рз░ржЮрзНржЬржи ржмржХрж╛ рждржЗ ржЬрж┐ржорж╛ржирзЗ ржорзБржЫрж▓ржорж╛ржирз░ ржзрз░рзНржорз░ ржмржжржирж╛ржо ржХрз░рж┐ржм рж╣рж┐ржорж╛ржирзЗ ржЖржорж╛рз░ рж╢рж╕рзНрждрж┐ рж╣ржм ржЖрз░рзБ ржЬржпрж╝ рж╣ржм,0,1
330,ржЬрж┐ржмрж┐рж▓рж╛ржХ ржорзБржЫрж▓ржорж╛ржирзЗ рж╕рж╛ржЗрждрж╛ржи ржмрз░рж╛рз░ рж▓ржЧржд ржХржерж╛ ржкрж╛рждрж┐рж▓рзЗ рж╣рзЗржЗ ржмрж┐рж▓рж╛ржХ ржХрж╛ржлрзЗ,1,1
331,рждрж╣ржд ржЗржорж╛ржирзЗржЗ ржмрзЗрж╖рзНржЯ ржлрзНрз░рзЗржгрзНржб ржирзЗ ржпрзЗ ржЗржЬржирзАрзЯрзЗ-рж╕рж┐ржЬржирзАрз░ ржиржЧрзНржи ржлржЯрзЛ ржЙржарж╛ржмрж▓рзИ ржкрж╛рз▒ !,1,1
332," ржкрж╛, ржПрждрж┐рзЯрж╛ ржоржЬрж╛ржЯрзЛ ред ржЦрзАржг-ржорзАржи ржХрзЗржЯрзЗржЩрзА ржЬржирзА ржХржо ржмрзБржзрж┐рзЯржХ ржирж╣рзЯ ",0,1
333,"ржХрж┐ржирзНрждрзБ, ржЗржорзНржорж╛ржи ржорж╛рз░ ржЦрж╛рж▓рзЗ, рждржерж╛ржкрж┐ржУржБ ржорзБржЦрз░ ржкрз░рж╛ ржорж╛рж╕рзНржХржЦржи ржЦрзЛрж▓ ржЦрж╛ржм ржирж┐ржжрж┐рж▓рзЗ рждрж╛ржЗ ред",0,1
334," ржжрзЗ ржЖрз░рзБ ржЦрзЗрж▓, best frnd-best frnd ржЦрзЗрж▓ !",0,0
335,ржЗржорж╛ржи ржжрзАржШрж▓ржХрзИ ржорж┐ржЙржЬрж┐ржХ ржмржЬрж╛ржЗ ржирж┐ржЙржЬ ржжрж┐рж▓рзЗ ржШрзЗржирзНржЯрж╛ ржЕрж▓ржк рж╢рзБржирж┐рж▓рзЗ ржЖрз░рзБ рж╢рзБржирж┐ржм ржзрзИрз░рзНржпрзНржпржЗ ржирж╛ржерж╛ржХрзЗ...ржпрж┐ржорж╛ржирзЗ ржЬрз░рзБрз░рзА ржирж┐ржЙржЬ ржирж╣ржУржХ ржХрж┐рзЯрж╛ЁЯЩД,0,1
336,"ржорж╛рз░ржХ ржЦрзЛржЪрж╛, ржорж╛рз░ржХ ржнрзБржХрзБ..",1,1
337,ржорж╛рз░ржХ рж▓рж╛ржарзА ржЧрзЛрз░..,0,1
338,ржЕрж╕ржо ржЖржХрзМ ржЙржирзНржирждрж┐рз░ ржкржержд..,0,1
339,ржЬрзЯ ржЖржЗ ржЕрж╕ржо ржмрзЛрж▓..ЁЯШПЁЯШП,0,0
340,"ржмрж╛рждрз░рж┐ржЯрзЛ ржмржирж╛ржУржБрждрзЗ ржЗржорж╛ржи рз░рж╣ржг рж╕рж╛ржирж┐ рж╕рж╛ржирж┐ ржЗржорж╛ржи рж▓ржорзНржмрж╛ ржХрз░рж┐ ржжрж┐рзЯрзЗ,,",0,0
341,ржЪрж╛ржУржБрждрзЗржЗ ржирзЗржд ржЖржжрж╛рзЯ рж╣рзИ ржпрж╛рзЯред ржЗржорж╛ржи рж▓ржорзНржмрж╛ ржХрз░рж╛рз░ ржжрз░ржХрж╛рз░ ржХрж┐ ржЖржЫрзЗ ржмрж╛рз░рзБ ?,0,1
342,ржПржирзЗржХрзЗ ржоржХ ржорз░рж┐рз▒ ржоржи ржЬрж╛рзЯ ржПржЬржирж┐ржХ,0,1
343,"ржорж╛ржХ ржмрж╛ржкрзЗржХрз░ ржЖржзрзБржирж┐ржХрждрж╛ржд ржбрж╛ржЩрз░ ржжрзАржШрж▓ рж╣рзЛрз▒рж╛ ржПржЗржмрж┐рж▓рж╛ржХ ржЫрзЛрз▒рж╛рж▓рзА, ржпрж╛рз░ ржХрзЛржирзЛ ржорж╛ржи рж╕ржирзНржорж╛ржи ржирж╛ржерж╛ржХрзЗ...",1,1
344,"ржХрж╛ржкрзЛрз░ ржЦржи ржмрж╛рз░рзБ ржЪрж╛ржЗржХрзЗрж▓ рж▓рзИ ржЕрж╣рж╛ ржорж╛ржирзБрж╣ржЬржирз░ ржорзБржЦржд ржжрж▓рж┐рзЯрж╛ржм рж▓рж╛ржЧрзЗржирзЗ, ржмрзЗржЫрзЗрз░рж╛ржЯрзЛ ржЧрзБржЪрж┐ ржЧрж▓ рж╕рзЗржЗржХрж╛рз░ржгрзЗ ржмрзЗржпрж╝рж╛ ржкрж╛рзЯредЁЯдгЁЯдгЁЯдг",0,1
345,"рж╣тАМржпрж╝ржЫрзЗтАМ ржХрж╛ржЬрж┐ржпрж╝рж╛, ржЖрз░рзБ рждтАМржЗ bagrund music рж▓ржЧрж╛ржЗ ржЧрзЛрждрзЗржЗржЦржи MGF movie ржмржирж╛ржпрж╝ ржкрзЗрж▓рж╛рж▓рзАржЧрзЗ",0,1
346,"ржХрж┐ ржЖрз░рзБ ржХрз░рж┐ржкрзЗрж▓рж╛рж▓рж┐ ржХрж┐ ,,??? ",0,0
347," ЁЯджЁЯдж ржПрждрж┐ржпрж╝рж╛ рждрж╣рждрзЗржЗ ржХ , рждрзЛрж╣рзЛрждржХ ржЧрж╛рж▓рж┐ ржирзЗржкрж╛рз░рж┐ ржХрж╛ржХ ржкрж╛рз░рж┐ржм ,,,,??? ",0,1
348,ржмрж╛рждрз░рж┐рждрзЛ ржЖржЫрж┐рж▓ ржХрз░рж╛,0,1
349,"ржПржирзЗржХрзБрз▒рж╛ рж▓рж╛ржЧрж┐ржЫрзЗ ржпрзЗржи ржмрж╛рждрз░рж┐ ржирж╣ржпрж╝ ,",0,1
350, South Indian movie рж╣рзЗ ржЪрж╛ржЗ ржЖржЫрзБ ЁЯджЁЯджЁЯдж,0,0
351,ржХрж┐ржирзЛ ржмрзЗржпрж╝рж╛ рж╣рж▓ рж▓рз░рж╛ржЗ ржпржжрж┐ рз░рж╛ржЬ ржкржержд ржХрж╛ржЬрж┐ржпрж╝рж╛ ржХрз░рж┐ржм ржкрж╛рз░рзЗред ,0,0
352,"ржЫрзЛрз▒рж╛рж▓рзА ржмрзЛрз░рзЗ ржХрж┐рзЯ ржирзЛрз▒рж╛рз░рж┐ржм, ржкрж╛рз░рзНржержХрзНржп ржХрж┐ ржЖржЫрзЗ? ",0,0
353,рж╕ржХрж▓рзЛрз▒рзЗ ржЖржЧрзНрз░рж╣рзЗрз░рзЗ ржПржмрж╛рз░ рж╣рж╛ржд ржЪрж╛ржкрз░рж┐ ржмржЬрж╛ржЗ ржжрж┐ржпрж╝рж╛ред,0,0
354,рждрж╣ржБржд ржжрзБржЬржирзАржХ ржХрзЛржирзЗржУ ржмрж┐ржпрж╝рж╛ ржирж╛ржкрж╛рждрзЗ ржЪрж╛ржмрж╛ред,1,0
355,ржЕрж╣рж╛ рзирзжрзйрзжржЪржиржд рж▓'рз░рж╛ рж╕рж▓ржирж┐ ржЫрзЛрз▒рж╛рж▓рзАрз░ ржкрз░рж╛ рж▓'рз░рж╛ рж╕рж╛рз▒ржзрж╛ржи рж╣'ржм рж▓рж╛ржЧрж┐ржм рз░рзЗржк ржорж╛ржжрж╛рз░ рж╣ржпрж╝ ржмрзБрж▓рж┐ ЁЯШАЁЯШАЁЯША,1,0
356,2030 рж╕рзЗржЗ ржжрж┐ржиржЯрзЛрж▓рзИ рз░рзИ ржерж╛ржХрж┐ржо ржмрж╛ржирзНржжрз░ ржХрзЗржХрзЛрз▒рж╛рз░ ржЧрзБрз░рж┐ ржЦрж╛рзЯ!ржХрзЛржирзЗ ржмрж╛ ржЯрж╛ржирж┐ рж▓рзИ ржпрж╛рзЯ!,0,0
357,ржЕржирждрж┐ржкрж▓ржорзЗ ржлржЯрзЛржЦрж┐ржирж┐ ржЖржорж╛рз░ ржЕрж╕рзНржерж╛рзЯрзА ржХрж╛рз░рзНржпрж╛рж▓рзЯржд ржмрж┐ржЪрж╛рз░рж┐ ржержХрж╛ рж╣рзИржЫрзЗред,0,0
358, ржШрзЛрж╖ржгрж╛ржЯрж┐ ржЗржорж╛ржирзЗржЗред ржзржирзНржпржмрж╛ржж,0,0
359,ржПржирзЗржХрзИ ржорзЛрз░ Ex ржЬржирзАржХрзЛ ржХрзЛржирзЛржмрж╛ ржПржЬржирзАрзЯрзЗ ржПржирзЗржХрзИ рз░рж╛ржо ржзрзБрж▓рж╛ржЗ ржжрж┐рж▓рзЗ ржмрзЛрз░ рж╢рж╛ржирзНрждрж┐ рж▓ржнрж┐рж▓рзЛ рж╣рзИ.. ЁЯШФЁЯШФ,1,0
360,рж╕ржЪрж╛ржХрзИ ржЗрж╣ржБржд ржжрзБржЬржирзАрз░ ржХрж╛ржЬрж┐рзЯрж╛ ржЗржорж╛ржи ржнрзЯржВржХрз░ ржЕрж╕ржоржд ржмрж╛ржиржкрж╛ржирзАржУ ржЗржорж╛ржи ржнрзЯржВржХрз░ ржирж╣рзЯред,0,0
361,ржмрж┐ржЬрзНржЮрж╛ржирз░ ржЕрз▒ржжрж╛ржи ржПржЗржмрзЛрз░рз╖ ржмрж┐ржЬрзНржЮрж╛ржирзЗ ржнрж╛рж▓рз░ ржмрж╛ржмрзЗ ржЖрз▒рж┐рж╖рзНржХрж╛рз░ ржХрз░рзЗрз╖,0,0
362,ржХрж┐ржирзНрждрзБ ржорж╛ржирзБрж╣ржмрзЛрз░рзЗ ржмрзЗрзЯрж╛ржЯрзЛржХрж╣рзЗ ржЧрзБрз░рзБрждрзНржм ржжрж┐рзЯрзЗрз╖,0,0
363,ржкрж┐ржЫрзЗ рж╕рж╛ржВржмрж╛ржжрж┐ржХ ржмржирзНржзрзБ ржорж┐ржЙржЬрж┐ржХ ржЕрж▓ржк ржХржо рж╣рзЛрз▒рж╛ ржпрзЗржи рж▓рж╛ржЧрж┐ржЫрзЗ ржЖрз░рзБ ржЕрж▓ржк ржжрж┐рж▓рзЗ ржнрж╛рж▓ ржЖржЫрж┐рж▓ред,0,0
364,ржмрж╛ржкрзНржкрж╛ ржР 'ржПржЗ ржкрзЗрждрзБрж▓рж┐ржЯрзЛ ржХржо ржирж╣'рзЯ ржжрзЗ ' ржХрж┐ ржорж╛рз░ рж▓ржЧрж╛ржЗ ржжрж┐ржЫрзЗ рзЯрзЗ ЁЯдЬ,0,0
365,ржЖржЫрж▓ ржХржерж╛ ржПржХрзЗржмрж╛рз░рждрзЗ ржиржХрзИ ржХрж┐рзЯ ржПржХрзЗ ржХржерж╛ржХрзЗ ржЧрз░рзБрз▒рзЗ ржШрж╛ржБрж╣ ржкрж╛ржЧрзБрж▓рж╛ ржжрз░рзЗ ржкрж╛ржЧрзБрж▓рж┐ ржерж╛ржХрзЗ ржЖрз░рзБрждрзЛ ржмрж╛рждрз░рж┐ ржЪрж╛ржм рж▓рж╛ржЧрж┐ржм,0,0
366,ржЕржнрж┐ржирзЗрждрзНрз░рзАржЧрз░рж╛ржХрзАржХ ржХтАЩрж▓рж╛ рж╕рзНржмржЪрзНржЫ ржЯржк ржкрж┐ржирзНржзрж╛ ржжрзЗржЦрж╛ ржЧрзИржЫрзЗред ,0,0
367,"рж╢рзНрз░рж┐ржпрж╝рж╛ржЗ ржУржкрз░рз░ ржмрзБржЯрж╛ржоржЯрзЛ ржЦрзЛрж▓рж╛ рз░рж╛ржЦрж┐ржЫрзЗ, ржпрж╛рз░ ржкрз░рж╛ рждрж╛ржЗрз░ ржмрзНрз░рзЗрж▓рзЗржЯ ржЯржкрж╕рзНржкрж╖рзНржЯржнрж╛рз▒рзЗ ржжрзГрж╢рзНржпржорж╛ржиред",1,0
368,{ ржЙржл ржХрж┐ рж▓рж┐ржЦрж┐ржЫрзЗ ржмрзЗ},0,0
369,ржПржирзЗрж╣рзЗржи ржкрж╖рзНржЯ ржжрж┐рж▓рзЗ ржкрж╛рз░рз░ ржЙрж╖рзНржгрждрж╛ ржмрзГржжрзНржзрж┐ рж╣рзЛрз▒рж╛ ржЯрзЛ рж╕рж╛рз▒рж╛ржнрж┐ржХ...... рж▓ржЧрждрзЗ рж╣рж┐ржЙржорзЗржи ржмржбрзАрз░ ржкрзНрз░рждрзНржпрзЗржХ ржЯрзЛ ржЕржВржЧ рж╢ржХрзНрждрж┐ рж╢рж╛рж▓рж┐ рж╣рзИ ржЙржарзЗ ЁЯФе,0,0
370,ЁЯдФржлрзЛржиржЯрзЛ рж╕рзЗржЗ ржХрж╛рз░ржгрзЗрж╣рзЗ ржЧрз░ржо рж╣рзИржЫрзЗ ржорж╛ржирзЗ !?!?,0,0
371,ржХрз░рж┐ржм ржжрж┐ржм ржирж┐ржХрж┐ ?рзп,1,0
372,рзлрзи ржмржЫрз░ржд ржпрзМрз▒ржи ржкрзНрз░рж╛ржкрзНржд рж╣рзНржмржЗ ржХрж╛рз░ржг ржлрзБрж▓ржХрзБржорж▓рзАрзЯрж╛ рж╣рзИ ржЖржЫрзЗ ржпрзЗ! ржЖржорж┐ рж╣рзЗ ржмрзБржврж╝рж╛ рж╣рж▓рзЛЁЯе╕ЁЯе╕,0,0
373,ржХрзЗржЗржжрж┐ржиржорж╛ржи ржкржерж╛рз░ржд ржХрж╛ржо ржХрз░ржХ ржЧрзНрж▓рзЗржорж╛рз░ ржХржд ржерж╛ржХрзЗ рждрзЗрждрж┐ржпрж╝рж╛ ржмрзБржЬрж┐ржо ред ,0,0
374,ржжрзБржЗ ржжрж┐ржиржд ржкрзЛржЗрждрж╛ ржнрж╛ржд рж╣'ржм ржмрж╛ржкрзЗржХрзЗ ред,0,0
375,ржПржЗржЬржирзЗржЗ рж╣'рж▓ ржЖржЪрж▓ рж╕рж╛ржВржШрж╛рждрж┐ржХ ред ,0,0
376,рждрзЗржУржБ ржПржЗ ржзрз░ржгрз░ ржирж┐ржЙржЬ ржкрз░рж┐ржмрзЗрж╢ржи ржХрз░рж┐ ржерж╛ржХрж┐рж▓рзЗ рждрзЗржУржБржХ ржЖрж╢рж╛ ржХрз░рзЛ ржЪрз░ржХрж╛рз░рзЗ ржЕржирждрж┐ржкрж▓ржорзЗ ржнрж╛рз░ржд рз░рждрзНржи ржкрзНрз░ржжрж╛ржи ржХрз░рж┐ржм ред,0,0
377,ржХрж╛рж╣рж┐ржирзА ржмржирж╛рзЯрзЗ ржжрж┐рж▓рзЗ рз╖ ржжрзЗрз░рж┐ржХрзИ ржЧрзИ ржкрж╛рж▓рзЗ ржмрзБрж▓рж┐ ржХтАЩржд ржЧржо ржкрж╛рж▓рзЗ ?,0,0
378, ржЕрз░рж┐ржЬрж┐ржирзЗрж▓ ржнрж┐ржбрж┐ржЕржЯрзЛржд рждрзЗржирзЗ ржХрзЛржирзЛ ржХржерж╛ ржирж╛ржЗ рз╖,0,0
379,ржжрзЗрз░рж┐ржХрзИ ржЕрж╣рж╛ ржХрж╛рз░ржгрзЗ рждрж╛ржХ ржпрзЗржирзЗржХрзИ ржЖржБрз░рждрж┐ ржХрз░рж┐рж▓рзЗ рждрзЛржХрзЛ рждрзЗржирзЗржжрз░рзЗ ржЖржБрз░рждрж┐ ржХрз░рж┐ржм рж▓ржЧрзАрзЯрж╛ рж╣рзИржЫрзЗ ред,0,0
380, ржЫтАЩржЪрж┐рзЯрж╛рж▓ ржорж┐ржбрж┐рзЯрж╛рз░ ржнрж┐ржбрж┐ржЕтАЩ ржмрз░рзНржгржирж╛ ржХрз░рж┐ржЯрзЛрз▒рзЗ рж╕рж╛ржВржмрж╛ржжрж┐ржХрждрж╛ ржирж╣рзЯ ред ржХтАЩржд ржХрж┐ ржнрж╛ржЗрз░рзЗрж▓ рж╣рзЯ рждрж╛рз░рзЗржЗ ржЦржмрз░ рж▓рзИ ржерж╛ржХрж╛ ржирзЗржХрж┐ ?,0,0
381,ржжрзЗрз░рзАржХрзИ рж╣рж▓рзЗржУ ржЦрж╛ржжрзНржп ржЦрж╛ржмрж▓рзИ ржкрж╛ржм рж╕рзЗрзЯрзЗ ржЪрж╛ржЧрзИ ржоржирз░ ржЖржиржирзНржжржд ржПржирзЗржжрз░рзЗ ржЖржжрз░ржгрж┐ ржЬржирзЛрз▒рж╛ рж╣рж▓ ржнрж╛рж▓ рж▓рж╛ржЧрж┐ржЫрзЗ,0,0
382,рз░рж╛ржЪрждрж╛ржд рж╣ржпрж╝рждрзЛ ржЬрж╛ржо ржержХрж╛рз░ ржлрж▓ржд рж╕ржоржпрж╝ ржорждрзЗ ржЖрж╣рж┐ржм ржкрз░рж╛ ржирж╛ржЗ,0,0
383,ржЗржЪ рз░рж╛ржо ржШржирзНржЯрж╛ ржирж┐ржЙржЬ !! рждрзЗржУржБ ржирж┐ржЬрзЗржЗ ржЬрж╛рз▒ рж▓рж╛ржЧрзЗ ржЦрж╛ржжрзНржп ржЖржирж┐ржмрж▓рзИ ржЕрж▓ржк рж╕рзЛржиржХрж╛рж▓ рж╣рж▓ рж╣рзЗрждрзЗржи ЁЯШДтШ║ЁЯШДЁЯШГ,0,0
384,ржПржЗржмрзЛрз░ ржорз░ржХ ржЖржорж╛рз░ ржХрж┐ ржЖрж╣рзЗ ржпрж╛рзЯред,1,0
385,toi nomora kiy рж╕рж┐рж╣ржБрждрзЗ ржЙржкрж╛рзЯрж╣рзАржи рж╣рзИ ржПржирзЗржХрзИ ржпрж╛рждрзНрж░рж╛ ржХрз░рж┐ржм рж▓ржЧрж╛ рж╣рзИржЫрзЗ,1,0
386,ржР ржЪрзЛрз▒рж╛ ржорзЛржХ news ржЪрж╛ржмрж▓рзИ ржжрж┐рзЯрж╛ ржжрж┐рж╖рзНржЯрж╛ржм ржирж┐ржжрж┐ржмрж╛ ржоржЗ ржарж┐ржХрж╛ рж▓рзЛрз▒рж╛ ржирж╛ржЗ рждрзЛржорж╛рж▓рзЛржХржХ ржмрж╛рз░рзЗ ржмрж╛рз░рзЗ reply ржжрж┐ржмрж▓рзИред ,0,0
387,ржУржкрз░рз░ рж╣рж┐ржжрзЯрж╣рзАржи ржорж╣рж╛ржи ржирж╛рз░рзАржЬржирзАрзЯрзЗ ржХрж┐ ржоржирзНрждржмрзНржп ржХрз░рж┐ржЫрж┐рж▓ ржоржЗ рж╕рзЗржЗ ржкрзНрз░рж╕ржВржЧрз░ reply ржжрж┐ржЫрж┐рж▓рзЛржБред ,0,0
388,"рждрж╛ржЗ рж▓рж┐ржЦрж┐ржЫрж┐рж▓ "" ржПржЗржмрзЛрз░ ржорз░ржХ ржЖржорж╛рз░ ржХрж┐ ржЖрж╣рзЗ ржпрж╛рзЯ"" рждрж╛ржЗрз░ ржПрзЯрзЗ ржорж╛ржирз▒рждрж╛ ржирзЗржХрж┐ , ",0,0
389,рж╕рзЗржЗржХрж╛рз░ржгрзЗ ржорзЛрз░ ржЦржВ ржЙржарж┐ржЫрзЗ ржХрзЛржирзЛржмрж╛ ржЖржорж╛рз░ рж╣рж┐ржирзНржжрзБ рж▓ржЧ ржмржирзНржжрзБ ржврзБржХрж╛рж▓рзЗ ржЖржорж╛рз░ ржЪржХрзБ ржкрж╛ржирзА ржУрж▓рж╛рзЯ ржпрж╛рзЯред ,0,0
390,ржЖржиржХрж┐ рж╕рзЗржЗ ржпрзЛрз▒рж╛ ржкрз░ржЦрж┐ ржорж╛ржЬрзБрж▓рзАрз░ ржнржирзНржЯрж┐ рждрзЛрз░ ржЕржХрж╛рж▓ ржорзГрждрзНржпрзБржд рж╕ржХрж▓рзЛрз▒рзЗ ржЪржХрзБржкрж╛ржирзА ржЯрзБржХрж┐ржЫрзЗред,0,0
391,ржорзЛржХрзЛ ржПржирзЗржХрзИ ржлржЯрзЛ ржЙржарж┐ржмрж▓рзИ ржЯржирж╛-ржЖржБржЬрзЛрз░рж╛ ржХрз░рж┐ржм ржмрзБрж▓рж┐рж╣рзЗ ржмрж┐ржорж╛ржиржд ржирж╛ржпрж╛ржУржБ ЁЯЩИржХрж┐рзЯрж╛ ржмрзБрж▓рж┐ ржнрж╛ржмрждрж╛ рж╣рж╛рзЯЁЯдг,0,0
392,ржмрж╛ржЗржжрзЗржЙрз░ ржЪрж╛ржЧрзЗ рж╣рж╛ржЧрж╛ржУ рж▓рж╛ржЧрж┐ ржерж╛ржХрж┐ржм ржкрж╛рз░рзЗред,0,0
393,ржЖржкрзЛржирж╛рж▓рзЛржХрзЗ ржХрж┐рзЯ ржЯржирж╛-ржЖржБржЬрзЛрз░рж╛ ржХрз░рж┐ ржерж╛ржХрзЗ рж╣рзЗржЗред,0,0
394,ржПржЗржЬржирзАрз░ ржХрж╛ржо ржирж╛ржЗ ржПрждрж┐рзЯрж╛ рз╖,1,0
395,Expiry date ржкрж╛рз░ рж╣рзЛрз▒рж╛ ржФрж╖ржзрз░ ржирж┐ржЪрж┐ржирж╛ рз╖,0,0
396,рждрзБрж▓ржирж┐ ржмрж┐ржпрж╝рж╛ржд ржорз░рзНржЯржи ржнрж╛ржЧ ржХрз░рж╛ ржжрж┐ ржХрз░рж┐ржЫрзЗ ржП,0,0
397,рждрж╛рждрзЗ ржПржЗ рж╕рж╛ржВржмрж╛ржжрж┐ржХржЬржирзЗржУ ржЪрж╛ржЧрзЗ ржЪрж╛ржЮрзНржЪ ржирзЛрж▓рзЛрз▒рж╛ржХрзИ ржержХрж╛ ржирж╛ржЗ ред,0,0
398,ржорзЛржХрзЛ рж╕рзЗржЗржжрж┐ржирж╛ ржПржирзЗржХрзЗ ржХрз░рж┐ржЫрж┐рж▓ ржХрж╛рз░ржирзЗ ржоржЗ ржмрж┐ржорж╛ржи ржмржиржжрз░ ржмрзЯржХржд ржХрз░рж┐рж▓рзЛ рз░рж╛ржЗржЬ ...,0,0
399,"ржПржЗржЦржи ржЕрж╕ржо рж╣рзЯ,ржЗрзЯрж╛ржд ржПржмрж╛рз░ ржЫрзЗрж▓рзНржлрж┐ ржЙржарж┐рж▓рзЗ ржЖржЬрзАрз▒ржи ржХрж╛ржо ржмржи ржиржХрз░рж╛ ржХрзИ ржЪрж▓рж┐ ржпрж╛ржм ржкрж╛рз░рж┐ред",0,0
400,рждрзЗ ржХрж┐ рж╣'рж▓ ! ржЯржирж╛ ржЖржЬрзЛрз░рж╛ ржХрз░рзЛрждрзЗ ржХрз░рж┐ржгрж╛рз░ ржХрж╛ржкрзЛрз░ ржЖрз░рзБ ржХрж┐ржмрж╛ ржлрж╛ржЯрж┐рж▓ ржирзЗржХрж┐ рж╕рзЗржЗржЯрзЛрж╣рзЗ ржЪрж╛ ЁЯШЬ,0,0
401,ржХрж┐ ржкрж╛ржЗ рж╣рж┐рж╣ржБрждрзЗ ржПржЗржмрзЛрз░ ржХрз░рж┐ ржлржЯрзЛ ржорж╛рз░рж┐ ржЪрж┐ ржирж┐ржЬржХрзЗ рж▓рж╛ржЬ рж▓рж╛ржЧрзЗред ,0,1
402,рж╣рж┐рж╣ржБржд ржЖржкрзЛржирж╛рж▓рзЛржХрз░ ржнржЧрз▒рж╛ржи ржирзЗржХрж┐,0,1
403,ржоржЗ рж▓ржЧржд ржкрж╛рж▓рзЗржУ ржирзЛрж╢рзБржУЁЯШВЁЯШВЁЯШВ,1,0
404,ржПржЗржЪржм ржкрж╛ржЧрж▓ ржХрзБржХрзБрз░рзЗ ржХрж╛ржорзЛрз░рж╛ ржЕржирзБрз░рж╛ржЧрзАрз░ ржХрж╛рз░ржирзЗржЗ ржЯрзЛ ржЗрж╣ржБржд ржмрж╣рзБржд ржЕрж╣ржВржХрж╛рз░рзА рж╣ржпрж╝,1,1
405,ржзржХрз░рж╛ ржирж┐ржЙржЬ ржорзБржорзНржмрж╛ржЗ ржмрж┐ржорж╛ржи ржмржирзНржжрз░рз░ ржирж┐ржЙржЬ ржЗрзЯрж╛ржд ржжрж┐ ржЖржЫрж╛,0,0
406,ржПржЗржЬржирзАрз░ рж▓ржЧрждрзЛ ржЫрзЗрж▓рзНтАМржлрзА ржЙржарзЗржирзЗ ?,0,0
407,ржЬрзЯржирзНржд ржжрж╛рж╕рзЗ ржнрж╛рж▓ ржХржерж╛ ржХржУржБрждрзЗ рждрзЗржУржБ ржХ ржЕржкржорж╛ржи ржХрз░рж┐ржЫрж┐рж▓ ред ржПрждрж┐рзЯрж╛ ржЙржЪрж┐ржд рждржжржирзНржд рж╣ржмржирзЗ,0,0
408,рж╣рж╛рждрждрж▓рзИ ржЖржХрзМ ржкрзВржЬрж╛ ржХрз░ржХ ржЖржорж╛рз░ рж╢рзБржнрзЗржЪрзНржЫрж╛ ржЖржЫрзЗ рждрзЗржУржБрж▓рзИред,0,0
409,рждрзЗржУржБ ржирж┐ржЬрз░ рж╕рзНржмрж╛рз░рзНрже ржХрзЗ ржкрзВрз░ржг рж╣ржУржХ ред,0,0
410,ржирж╣тАЩрж▓рзЗ рждрж╛ржЗ Media ржкрз░рж╛ ржирж┐ржЬржХ ржирзБрж▓рзБржХрж╛рж▓рзЗрж╣рзЗрждрзЗржи рз╖,0,1
411,ржЕржзрзНржпржХрзНрж╖рз░ рж▓ржЧржд ржпрзМржиржХрзНрж╖рзБржзрж╛ ржкрзБрз░ржг ржХрз░рж╛ рж╕рзЗржЗ ржирж╖рзНржЯ ржЪрз░рж┐рждрзНрз░рз░ ржЫрзЛрз▒рж╛рж▓рзА ржЬржирзАрзЯрзЗржЗ ржирж┐рж╢рзНржЪрж┐рждржнрж╛рз▒рзЗ ржЖржЧрждрзЗ ржпрзМржи рждрж╛рз░ржгрж╛ ржкрзБрз░ржирз░ ржкрзНрз░рж╕рзНрждрж╛рз▒ ржжрж┐ржЫрж┐рж▓рзЗ рз╖,1,1
412,ржирж┐рждрзБржоржгрж┐ ржжрж╛ржжрж╛ ржнрж╛рж▓рзЗ ржерж╛ржХржХ ржЖржкрзБржирж┐ рж╕ржорж╛рж▓рзЛржЪржирж╛ ржЦрзЗржирж┐ ржЖрж╢рзАрз░рзНржмрж╛ржж рж╣рж┐ржЪрж╛ржкрзЗ ржЖржЧрзБрз▒рж╛ржЗ ржпрж╛ржУржБржХ рж╣рзЗржБржкрж╛рж╣рз░рзЗред,0,0
413,"ржЖржкрзБржирж┐ рж╕ржХрж▓рзЛ ржмрж┐рж╖рзЯрзЗ ржЕржзрзНржпрзЯржи ржХрз░рж┐ рж╕ржорж╛ржзрж╛ржи ржжрж┐ржм ржкрз░рж╛ ржПржЬржи ржмрзНржпржХрзНрждрж┐, ржнрж╛рж▓ ржорж╛ржирзБрж╣ ржЖрз░рзБ ржмрзЗрзЯрж╛ ржорж╛ржирзБрж╣ржХ ржЕржзрзНржпрзЯржи ржХрз░рж┐ржм ржкрз░рж╛ ржПржЬржи ржмрзНржпржХрзНрждрж┐ред ",0,0
414,"редредред ржШрзЗржгрзНржЯрж╛!!!
рждржЗ рж╕рж╛ржзрж╛рз░ржг VCD ржПржЦржирз░ ржирзГрждрзНржп ржкрз░рж┐ржЪрж╛рж▓ржХ ржирж╣ржпрж╝ред рждржЗ ржнрж╛рж▓ VCD ржПржЦржиржд ржирж╛ржЪрж┐ ржкржЗржЪ ржирж╛ржЗ ред",0,0
415,ржирзЗ рждржЗ ржЪрж┐ржирзЗржорж╛рз░ ржмрж┐ржЦрзНржпрж╛ржд ржирзГрждрзНржп ржкрз░рж┐ржЪрж╛рж▓ржХ ?редредред,0,0
416,ржирзЗ рждржЗ ржорж╛ржЗржХрзЗрж▓ ржЬрзЗржХржЪржирз░ ржЬрзАржпрж╝рзЗржХ? ,0,0
417, ржирзГрждрзНржп ржд P.H.D. ржЖржЫрзЗ ржирзЗржХрж┐ рждрзЛрз░ ? ,0,0
418,.ржирж╛рз░рзАрзЯрзЗржЗ ржорзЗржХржЖржк ржХрз░рж┐ржм рж▓рз░рж╛ржЗ рждрзЛ рж▓рж┐ржкрж╖рзНржЯрж┐ржХ ржХрж╛ржЬрж▓ рж▓ржЧрж╛ржЗ ржУрж▓рж╛ржЗ ржпрж╛ржм ржирзЛрз▒рж╛рз░рзЗ  ржмрзЗрзЯрж╛ ржирж╛ржкрж╛ржмрж╛ ржХрзЛрз▒рж╛рз░ ржмрж╛ржмрзЗ,0,0
419, рждрзЛржорж╛рз░ ржорж╛ ржУ  рж╣рзЯ рждрзЛ ржкрзНрж░рж╕рж╛ржзржирз░ ржирж╛ржоржд ржХрж┐ржмрж╛ ржЕрж▓ржк рж╕рж╛рж▓ржирж┐рж╣рзЗ ржШрз░рз░ ржкрз░рж╛ ржмрж╛рж╣рж┐рз░рж▓рзИ ржУрж▓рж╛ржЗ ржпрж╛рзЯ....,0,1
420,редржкрж╛рз░рж┐рж▓рзЗ ржорзЛржХ ржХрзНрж╖ржорж╛ ржХрз░рж┐ ржжрж┐ржм рж▓рж┐ржЦрж╛рз░ ржХрж╛рз░ржирзЗред,0,1
421,ржХрзНрж╖ржорж╛ ржХрз░рж┐ ржжрж┐рзЯрж╛ржЯрзЛрж╣рзЗ рж╕ржЪрж╛ ржорж╛ржирзБрж╣рз░ ржкрзНрз░ржХрзГржд рж╣рзГржжрзЯред,0,0
422,ржХрзНрж╖ржорж╛ ржЦрзБржЬрж┐ ржирж╣рзЯ рждрзЗржУрж▓рзЛржХрзЗ редред,0,0
423,"ржорж╛ржирзБрж╣рзЗ ржнрзБрж▓ ржХрз░рзЗржЗ, рж╕рзЗржЗ ржнрзБрж▓ржХ рж╢рзБржжрзНржзрз░ржирж┐ ржХрз░рж┐ржм рж╕рзБржЬрзЛржХ ржжрж┐рзЯржХред ",0,0
424,ржЕржкрзЛржирж╛рж▓рзЛржХржХ ржЕржирзБржЧрзНрз░рж╣ ржХрз░рж┐ржЫрзЛ рждрзЗржУрж▓рзЛржХржХ рж╕ржорж╛рж▓рзЛржЪржирж╛ ржХрз░рж╛ ржмржирзНржз ржХрз░ржХредред ,0,0
425,ржоржЗ рждрзЗржУрж▓рзЛржХржХ ржПржЧрз░рж╛ржХрзА рж╢рж┐рж▓рзНржкрзА рж╣рж┐ржЪрж╛ржкрзЗржЗ ржЪрж┐ржирж┐ ржкрж╛ржУредред,0,0
426,"рж╕рж┐рж╣ржБржд ""social servant"" рж╣рзЗред рждрж╛рз░ ржмрж╛рж╣рж┐рз░рзЗ ржмрзЗрж▓рзЗржЧ ржПржХрзЛ ржирж╣ржпрж╝ред",1,0
427,рж╕рж┐рж╣ржБрждрзЗ ржЪрж▓ ржкрж╛ржЗ ржПрждрж┐ржпрж╝рж╛ рж▓ржЧрж╛рждржХрзИ ржмрзЗржЫрж┐ ржЖржЧржмрж╛ржврж╝рж┐ ржЧрзИржЫрзЗред ,0,0
428,ржорж┐рж▓рж╛ ржкрзНрз░рзАрждрж┐рз░рзЗ ржнрж┐ржбрж┐ржЕржмрзЛрз░ ржмржирж╛ржм рж▓рж╛ржЧрзЗредржПржХрзЗржЗ ржЕрж╕ржорзАрзЯрж╛ рж▓рз░рж╛ рж╣рзЯредржорж┐рж▓рж┐ ржЬрзБрж▓рж┐ ржЖржЧржмрж╛рзЭрж┐ржм рж▓рж╛ржЧрзЗред,0,0
429,рж▓ржЧрз░ рж▓рз░рж╛ржХ рждрзЗржирзЗржХрзБрз▒рж╛ ржмрзНржпрз▒рж╣рж╛рз░ ржХрз░рж┐ржм ржирж╛ржкрж╛рзЯредрж╕рзВрз░рзНржпржЗ ржзрзЗржорж╛рж▓рзА ржХрз░рж┐ржЫрж┐рж▓редрждрзБржорж┐ ржХрж┐ржирзНрждрзБ ржмрж╣рзБржд ржмрзЗржЫрж┐ ржжрзЗржЦрж╛ржЗ ржжрж┐рж▓рж╛ред,0,0
430,"ржХрж┐ржирзНрждрзБ ржЖрждрж┐ржпрж╝рж╛ ржнрж┐ржбрзЛ рждрзБ ржЪрж╛ржЗ ржиржХрзБржпрж╝рж╛ рж▓ржЧрж┐ржЫрзЗ, рждрзБржорж╛рж▓ржХрзЗ ржХрзЛржерж╛ ржмрзБрз░ ржмрзБржЬрж┐ ржП ржирж╛ржкрж╛рж▓рж╛... ржХрзЛржирзЛ рж▓рж╛ржЬ ржирж╛ржЗ, ржХрзЛржирзЛ ржжрзЛрж╖рзА ржЕржирзБржнрз▒ ржирж╛ржЗ...",1,0
431,рждрзБржорж┐ ржЖржЧрждрзЗржЗ ржнрж┐ржжрзЗржУрждрзЛ shere ржХрз░рж┐ржм ржирж╛рж▓рж╛ржЧрж┐ржЫрж┐рж▓ред,0,0
432,рж╕рзНржмрж╛рз░рзНржержкрз░ рж╕рж┐рж╣ржБржд ржирж╣рзЯ рждрзБржорж┐ рж╣рзЯ ржХрж╛рз░ржг ржХржерж╛ржЯрзЛ рждрзЛржорж╛рж▓рзЛржХрз░ ржорж╛ржЬрждрзЗржЗ рж╕рж╛ржорз░рж┐ рз░рж╛ржЦрж┐ржм ржкрз░рж┐рж▓рж╛ рж╣рзЗрждрзЗржи ред,1,0
433,ржХрж╛рз░ржг рж╕рж┐рж╣ржБрждрзЗржУ рждрзЛржорж╛ржХ ржХрз░рзЛржБ ржмрзБрж▓рж┐ ржПржХрзЛ ржХрз░рж╛ ржирж╛ржЫрж┐рж▓ ржорж╛рждрзНрз░ ржПржЯрж╛ ржзрзЗржорж╛рж▓рж┐ ржХрз░рж┐ржм ржЦрзБржЬрж┐ржЫрж┐рж▓ ред,0,0
434,"ржорж╛ржирзБрж╣рз░ ржкрз░рж╛ ржПржирзЗржХрзИ ржкржЗржЪрж╛ рж▓рзЛрз▒рж╛ржЯрзЛ ржХрзЛржирзЛ ржзрз░ржгрз░ ржпрзБржХрзНрждрж┐ ржирж╣рзЯ ,ржП ржЯржХрж╛ ржЯрзЛ ржкржЗржЪрж╛ ред",1,0
435, рждрж╛ржЗрз░ 2 рж▓рж╛ржЦ ржорж╛ржирзБрж╣ ржЖржЫрж┐рж▓ ржмрж╛ржмрзЗ рждрзЗржирзЗржХрзИ ржХрзИ ржкржЗржЪрж╛ ржЬржорж╛ ржХрз░рж┐ржм ржмрж┐ржЪрж╛рз░рж┐ржЫрж┐рж▓ ржЖржорж┐ ржмрзЛрз░рзЗ ржХрж┐ ржХрз░рж┐рж▓рзЛржБ рж╣рзЯред,1,0
436,ржЖрз░рзБ  ржЖржорж┐ recharge ржнрз░рж╛ржУ рждрж╣рждрз░ ржнрж┐ржбрж┐ржЕ'ржмрзЛрз░  YouTube ржд ржЪрж╛ржмрж▓рзИ ржЖрз░рзБ ржХрж┐ рждрж╣рждржХ birthday party ржХрз░рж┐ржмрж▓рзИ ржЖржорж┐ржпрж╝рзЗржЗ ржкржЗржЪрж╛ ржжрж┐ржм рж▓рж╛ржЧрзЗ ржирзЗржХрж┐ ржХрзЗрж▓рж╛ ржХрж╛ржо ржирж╛ржЗ ЁЯШбЁЯШбЁЯШб,1,0
437,ржкржЗржЪрж╛ ржорж╛ржирзБрж╣ржХ ржмрж┐ржкржж рж▓рж╛ржЧрзЗредрждрж╛ржХрзЗ ржмрзЗржпрж╝рж╛ ржХрзИ ржХрж┐ржпрж╝ coment diye рж╣рзЗржЗ ржХрж╛рз░ржгрзЗ ржЕрж╕ржо ржЦржи ржкрж┐ржЫ ржкрз░рж╛,0,0
438,enjoy ржХрз░рж┐ржмрж┐ рждрж╣ржБрждрж┐редрждрзБрз░ ржорждрж▓ржм ржнрж╛рж▓ржХрзИржпрж╝рзЗ ржЧржо ржкрж╛рж▓рзЛредржорждрж▓ржмрж┐ рж╣ржпрж╝ ржжрзБржЗржЯрж╛редржЕржХрж▓ рж▓рзБржЯрж┐ржм ржмрж┐ржЪрж╛рз░ ржорж╛ржирзБрж╣ржХред,1,0
439,рждрж╣ржБрждржХ ржЪрж╛ржкрзНрж▓рж╛ ржХрж╛ржкрзЛрз░ рж▓ржмрж▓рзИ birthday ржкрж╛рждрж┐ржмрж▓рзИржУ ржкржЗржЫрж╛ ржжрж┐ржм рж▓рж╛ржЧрзЗ ржЖржорж┐ред,0,0
440,ржирзЗржкрж╛ржЗ ржмрзБржЬрж┐ржЫ ржорж╛ржирзБрж╣ржХ ржЗржорж╛ржи ржмрзБрз░рзНржмржХ ржмржирж╛ржмрж▓рзИ ЁЯШа рждрж╣ржБрждрж┐ ржХрж┐ржорж╛ржи ржЬржиржХ рж╕рж╣рж╛ржпрж╝ ржХрз░рж┐ ржкрж╛ржЗржЫ ред,1,0
441,"phone, dresses ржпржжрж┐ ржЪржм free ржХрзЗ ржкрж╛ржЗ ржерж╛ржХ ржнрж╛ржмрж┐ржЫрж┐рж▓рж┐ birthday party ржЯрзЛ free ржХрзЗ ржкрж╛рждрж┐ржо ржмрзБрж▓рж┐ред",1,0
442,"рждрж╣ржБрждржХ ржорж╛ржирзЗ ржЪржм ржлрж┐рз░рж┐рждрзЗржЗ рж▓рж╛ржЧрзЗ ,I",0,0
443,ржПрждрж┐ржпрж╝рж╛ рждрж╛ржкржорж╛рждрзНрз░рж╛ ржмрж╛ржврж╝рж┐ржЫрзЗ ржирзЗ ржЖржорж╛рз░ рж╕рж╣ржи рж╢ржХрзНрждрж┐ ржХржорж┐ржЫрзЗ?,0,0
444,ржЖржХрзМ ржЫрж╛рждрзНрз░ ржЖржирзНржжрзЛрж▓ржиредржХрж┐ржпрж╝ ржмрж╛ржмрзЗ ржмрж╛ржмрзЗ ржЕрж╕ржорз░ ржЫрж╛рждрзНрз░ ржЫрж╛рждрзНрз░рзА ржпрж╝рзЗ ржЕржзрж┐ржХрж╛рз░ ржмрж╛ржмрзЗ ржЖржирзНржжрзЛрж▓ржи ржХрз░рж┐ржм рж▓рж╛ржЧрзЗред,0,0
445,ржнрз▒рж┐рж╖рзНржпрждрз░ ржЬржирзНржо ржжрж┐рз▒рж╕ ржЖрж╣рж┐ржЬрж╛ржмрзЛ... рждрзЗржУржБрж▓рзЛржХрзЗ ржХрзЗрж▓рж╛ рж▓рж╛ржЬ рж▓рж╛ржЧрж┐ржЫрзЗ ржХрж┐ ржЗржЙржЯрж┐ржЙржмрж╛рз░ ржорж╛ржирзЛржмрж┐... ржорж╛ржирзЛржмрж┐ржХ ржмрж┐ржпрж╝рж╛ ржирж╛ржкрж╛ржЙ ржХрж┐ржирзНржЯрзБ ржЗржмрзБрз░ рж╣рзЛрж▓ ржнрж╛рж▓ ржирж╛рж▓рзЗржЬ ржХрзБржУ...?,0,0
446,"ржнрж╛рж▓ ржЪрж┐ржирзНрждрж╛ ржХрз░рж┐ржЫрзЗ ржжрж╛ржжрж╛ред ржЖржЧржмрж╛рзЭрж┐ ржпрзЛрз▒рж╛ ржПржирзЗржжрз░рзЗред тАМтАМред

",0,0
447,"ржкрз░рж┐рз▒рзЗрж╢ржЯрзЛ ржзрзБржирзАрзЯрж╛, ржЕрж╕ржорзАрзЯрж╛ ржЧрж╛ржирзЗрз░рзЗ рж╕рзИрждрзЗред",0,0
448,ржорз░ржоржмрзЛрз░ ржорз░ржо рж╣рзИрзЯрзЗ ржерж╛ржХрж┐ржм ржжрж┐рзЯрж╛ рз░рж╛ржЗржЬрзЗ ржжрзЗржЦрж┐рж▓рзЗ ржмрзЗрзЯрж╛ ржиржЬрз░ рж▓рж╛ржЧрж┐ржм ржмрж╛ржХрзА ржкржерж╛рз░рж▓рзЗ ржПржирзЗржХрзИ ржЕржХрж▓рж╕рз░рзЗ ржирж╛рж╣рж┐ржмрж╛ ржорзЛрз░ рж╣рж╛рждржд ржзрз░рж┐ ржЖрж╣рж┐ржмрж╛ ржирж╣рж▓рзЗ ржорж╛ржирзБрж╣рзЗ ржЦрзЗрждрж┐ ржПрз░рж┐ рждрзЛржорж╛ржХ ржЪрж╛ржмрж▓рзЗ ржнрж┐рз░ ржХрз░рж┐ржм ржЕржХрзЗ ржмрж╛ржЗ рждрзЗржХ ржХрзЗрзЯрж╛рз░,0,0
449,ржЗржорж╛ржирз░ ржкрж┐ржЫрждрзЛ ржорж╛ржд ржирзБржмрзБржЬрзЗ? ржХрж╛ржо ржирж╛ржЗ!,1,0
450,"ржПржЗржмрзЛрз░ ржХрж┐ ржХрз░рж┐ ржЖржЫрж╛ рж╣рзЯ , ржПржХрзЛ ржХрж╛ржо ржирж╛ржЗ",1,0